Date,Open,High,Low,Close,Adj Close,Volume,Year,Month,Day,Weekday,SMA_10,SMA_30,SMA_50,SMA_200,EMA_10,EMA_30,EMA_50,EMA_200,MOM_10,STOCHRSIk,STOCHRSId,STOCHk,STOCHd,MACD,MACD_signal,CCI_14,MFI_14,AD,OBV,ROC_10,SIG_SMA_10,SIG_SMA_30,SIG_SMA_50,SIG_SMA_200,SIG_EMA_10,SIG_EMA_30,SIG_EMA_50,SIG_EMA_200,SIG_MOM,SIG_STOCHRSI,SIG_STOCH_K,SIG_STOCH_D,SIG_MACD,SIG_CCI,SIG_MFI,SIG_AD,SIG_OBV,SIG_ROC,future_adj_close,return_t,label
2014-10-16,65.550003,68.389999,65.550003,67.980003,60.786327,4927200,0.6713333333333333,0.8333333333333334,0.5161290322580645,0.42857142857142855,69.5950012,69.23333383333333,69.12400036,69.19085017,68.91148990193071,69.1654851226323,69.18814457439544,69.19085016999999,-1.3399969999999968,12.263164833090693,22.372657025019404,22.138357200296966,32.295651289417535,-0.15916703254700337,0.09337147262886392,-138.78830482493115,45.116699317844436,15488028.088384904,11398600.0,-1.933059723023654,0,0,0,0,0,0,0,0,0,1,0,0,0,1,1,1,1,1,61.456959,0.011032612646590723,1.0
2014-10-17,68.239998,68.910004,67.510002,68.730003,61.456959,3108000,0.6713333333333333,0.8333333333333334,0.5483870967741935,0.5714285714285714,69.4640014,69.14800056666667,69.18340038,69.216600175,68.87849228339785,69.13738950181732,69.17017823814463,69.18626462601989,-1.3099980000000073,21.144529170242677,17.076931231281,32.041788183078104,27.443133559330835,-0.1687757052897183,0.04094203704514748,-72.21441662695686,46.61564300920109,17796824.790103883,14506600.0,-1.870356912187947,0,0,0,0,0,0,0,0,0,1,1,0,0,1,1,1,1,1,62.11866,0.010766901108790528,1.0
2014-10-20,68.82,69.57,68.629997,69.470001,62.11866,2033000,0.6713333333333333,0.8333333333333334,0.6451612903225806,0.0,69.40400149999999,69.10200066666667,69.21580044000001,69.24640019,68.98603932278004,69.1588483081517,69.18193599351152,69.18908787352218,-0.5999989999999968,36.63873511506491,23.348809706132755,47.64039458128078,33.940179988218624,-0.11534931834697204,0.009683765966723573,-17.632892375343413,45.78399203379276,19397277.304617144,16539600.0,-0.8562851434279961,1,1,1,1,1,1,1,1,0,1,1,1,0,1,0,1,1,1,62.601498,0.007772833477090568,1.0
2014-10-23,70.559998,70.75,69.889999,70.099998,62.681976,1818900,0.6713333333333333,0.8333333333333334,0.7419354838709677,0.42857142857142855,69.1440009,69.12933396666668,69.36240046,69.33225016499999,69.46850661781114,69.3202010375453,69.2798677876732,69.21444222955827,-0.33000200000000746,53.655047951293945,50.06570994058347,67.31248891890048,63.07339241034162,0.09997819284687637,0.02769329972397627,37.5702766590613,49.364755669435574,18312676.867802054,22816400.0,-0.468553173363634,1,1,1,1,1,1,1,1,0,1,1,1,1,1,0,0,1,1,63.236382,0.00884474350329989,1.0
2014-10-24,70.220001,70.989998,70.019997,70.720001,63.236382,1751100,0.6713333333333333,0.8333333333333334,0.7741935483870968,0.5714285714285714,69.1540007,69.20066726666667,69.41100046000001,69.35425017,69.69605105093638,69.41051071254239,69.3363435999213,69.22942291384129,0.09999799999999937,56.84143485861165,53.84086235064358,70.83955849571161,67.44496451406987,0.1949743191899529,0.0611495036171716,54.121284624793475,49.282395495707114,19088949.529067334,24567500.0,0.1416001072670577,1,1,1,1,1,1,1,1,1,1,1,1,1,1,0,1,1,1,62.914478,-0.005090487308397784,0.0
2014-10-28,70.519997,70.709999,69.720001,70.709999,63.227428,2520600,0.6713333333333333,0.8333333333333334,0.9032258064516129,0.14285714285714285,69.4440009,69.30300059999999,69.48080042,69.38485018499999,69.97917463740369,69.55165401170466,69.42878161453713,69.25529261174302,2.5299989999999895,72.33580106063508,62.339241464037,75.50922138736526,72.94256427360615,0.29773539827776574,0.1368366188381249,47.26768614946584,37.06595095867073,20505757.77844871,25408400.0,3.7107641537107496,1,1,1,1,1,1,1,1,1,1,1,1,1,1,0,1,1,1,62.744579,-0.007636701590961414,0.0
2014-10-29,70.669998,71.0,69.529999,70.169998,62.744579,2347400,0.6713333333333333,0.8333333333333334,0.9354838709677419,0.2857142857142857,69.8280005,69.34033376666666,69.49240046,69.40015017,70.01386979423937,69.59154717223984,69.45784892377097,69.26439415789483,3.8399960000000135,78.83378396234018,69.67002449861319,75.08198740808051,74.35670724439578,0.2977049807339256,0.16901029121728506,43.34212829516422,37.38735810873858,20202347.752060987,23061000.0,5.789229434969735,1,1,1,1,1,1,1,1,1,0,0,1,1,1,1,0,0,1,64.005379,0.020094166222710763,1.0
2014-10-31,70.040001,71.790001,70.040001,71.300003,63.754997,4292900,0.6713333333333333,0.8333333333333334,1.0,0.5714285714285714,70.4450004,69.52166743333333,69.56320048,69.449000195,70.48069053994536,69.82178093012872,69.61004835370017,69.30746058386656,2.5700000000000074,91.64717764998151,87.94696663639952,88.9241358633886,82.64627134696026,0.46524362722308865,0.26629810406988785,89.01712979464766,53.05528197652712,25517423.74218284,22535000.0,3.7392694424878865,1,1,1,1,1,1,1,1,1,0,1,1,1,1,1,1,0,0,64.881668,0.017671885389626718,1.0
2014-11-03,71.529999,72.940002,71.470001,72.559998,64.881668,3224200,0.6713333333333333,0.9166666666666666,0.0967741935483871,0.0,70.75400010000001,69.66366726666666,69.6242004,69.48035018,70.85874644177346,69.99844009592688,69.72573265355507,69.339824140246,3.0899969999999968,97.57236826163302,94.19316140283047,95.1928560801623,89.3498942376542,0.606268794756673,0.3342922422072449,146.25112247681702,66.70627247308093,27074673.99616218,25759200.0,4.4479587671230885,1,1,1,1,1,1,1,1,1,0,1,1,1,1,1,1,1,1,64.219978,-0.010198412284961766,0.0
2014-11-04,72.610001,72.82,71.419998,71.82,64.219978,1964500,0.6713333333333333,0.9166666666666666,0.12903225806451613,0.14285714285714285,70.93499990000001,69.78100049999999,69.65880048,69.50505019500001,71.03351981599647,70.11596008973805,69.8078607847882,69.36450250700972,1.8099979999999931,89.28308769675125,92.8342112027886,90.62955218896995,91.58218137750696,0.6508183727985823,0.39759746832551246,133.62765199409003,77.32852739478425,26232749.433911506,23794700.0,2.5853420201301995,1,1,1,1,1,1,1,1,1,0,0,1,1,0,1,0,0,0,66.330231,0.03285975899898319,1.0
2014-11-05,72.099998,74.589996,71.910004,74.18,66.330231,4824700,0.6713333333333333,0.9166666666666666,0.16129032258064516,0.2857142857142857,71.35,69.9833338,69.75380048,69.54035018,71.60560712217892,70.37815621298076,69.97931722460044,69.41241790494993,4.150001000000003,91.71071943511826,92.85539179783416,91.30839643107821,92.37693490007017,0.8665672630274344,0.4913914272658969,205.6197607776075,77.5254348222896,29581245.250316955,28619400.0,5.926033213280501,1,1,1,1,1,1,1,1,1,0,1,1,1,1,1,1,1,1,65.346649,-0.014828562861480155,0.0
2014-11-06,74.18,74.239998,72.559998,73.080002,65.346649,3884700,0.6713333333333333,0.9166666666666666,0.1935483870967742,0.42857142857142855,71.6480004,70.16500063333334,69.82580046,69.57375018,71.8736789181464,70.55246884440136,70.10091270598866,69.44891127903004,2.980003999999994,78.45050920815828,86.48143878000924,84.57265742558427,88.83686868187749,0.9379767552235165,0.5807084928574209,148.81507678961293,67.76757615755729,28101378.03460266,24734700.0,4.25107572756278,1,1,1,1,1,1,1,1,1,0,0,0,1,0,0,0,0,0,66.070923,0.011083567575132847,1.0
2014-11-07,73.419998,73.919998,73.18,73.889999,66.070923,2038500,0.6713333333333333,0.9166666666666666,0.22580645161290322,0.5714285714285714,71.96500019999999,70.36033396666667,69.90660048,69.613550175,72.2402825693925,70.76779337056902,70.24950432536166,69.49310120660188,3.1699980000000068,78.13649426843234,82.7659076372363,85.33533699469812,87.07213028378688,1.047850314576877,0.6741368572013121,132.94546688501782,67.8776812660671,29974599.31357903,26773200.0,4.482463171910881,1,1,1,1,1,1,1,1,1,0,1,0,1,0,1,1,1,1,66.491188,0.006360816239845857,1.0
2014-11-10,73.889999,74.489998,73.410004,74.360001,66.491188,2097400,0.6713333333333333,0.9166666666666666,0.3225806451612903,0.0,72.3650002,70.5563339,69.98940048,69.65325019000001,72.62568592041204,70.99954870150006,70.41070027338668,69.5415280702178,4.0,73.08911518244045,76.558706219677,85.75052047344816,85.21950496457686,1.1594853104853229,0.7712065478581144,125.75459928432876,68.21266641222799,31567078.53105615,28870600.0,5.68504824211131,1,1,1,1,1,1,1,1,1,0,1,0,1,0,1,1,1,1,66.088806,-0.006051659055933634,0.0
2014-11-11,74.169998,74.389999,73.57,73.910004,66.088806,2472200,0.6713333333333333,0.9166666666666666,0.3548387096774194,0.14285714285714285,72.6850007,70.71700083333333,70.07820054,69.69150020000001,72.85919829851893,71.1873200110807,70.54792787050877,69.58499549240467,3.2000050000000044,74.96001033064624,75.39520659383966,89.71615014242717,86.93400253685782,1.1978379219750224,0.856532822681496,100.42258153557027,61.61776818843123,31145022.22342657,26398400.0,4.5255339347409755,1,1,1,1,1,1,1,1,1,1,1,1,1,0,0,0,0,0,65.015793,-0.016235926550102975,0.0
2014-11-12,72.349998,73.309998,72.050003,72.709999,65.015793,2838000,0.6713333333333333,0.9166666666666666,0.3870967741935484,0.2857142857142857,72.9390008,70.83200073333335,70.13920044,69.72365020000001,72.83207115333367,71.28555736520453,70.63271497362608,69.6160900546693,2.5400009999999895,56.548845428335504,68.19932364714073,81.62064786467919,85.69577282685151,1.1185087951139678,0.9089280171679904,31.1958611483428,55.47055389580632,31280158.859683022,23560400.0,3.619782061273522,0,1,1,1,0,1,1,1,1,0,0,0,1,1,0,1,0,0,64.613411,-0.006188988573899268,0.0
2014-11-13,72.779999,73.129997,72.07,72.260002,64.613411,2599300,0.6713333333333333,0.9166666666666666,0.41935483870967744,0.42857142857142855,73.00700079999999,70.9300008,70.17900054,69.749700195,72.72805858000028,71.34842476099779,70.69653015113094,69.64239763621488,0.6800000000000068,29.167132944958478,53.558662901313404,67.78665415546025,79.70781738752221,1.0077126097371831,0.928684935681829,14.551194638999986,50.02608241934449,29612695.833938636,20961100.0,0.9499860030738849,0,1,1,1,0,1,1,1,1,0,0,0,1,1,0,0,0,0,63.996437,-0.009548698798767963,0.0
2014-11-14,72.010002,72.099998,71.389999,71.57,63.996437,2888400,0.6713333333333333,0.9166666666666666,0.45161290322580644,0.5714285714285714,73.0340005,70.98100076666667,70.18460052,69.768000175,72.51750247454568,71.36271993770762,70.73078387069444,69.66157775923762,0.2699969999999894,7.2231146903793295,30.9796976878911,52.37159890279239,67.25963364097728,0.8543796826216266,0.9138238850697885,-38.815316352238064,48.55766673787362,28188846.878094904,18072700.0,0.3786774034216932,0,1,1,1,0,1,1,1,1,1,0,0,0,1,0,0,0,0,64.524002,0.008243662065124058,1.0
2014-11-20,72.019997,72.709999,71.860001,72.669998,64.980026,1786800,0.6713333333333333,0.9166666666666666,0.6451612903225806,0.42857142857142855,72.8190003,71.2036672,70.37100052000001,69.89245017500001,72.46242925479777,71.60266857390985,70.97487960957066,69.76796320432759,-0.4100039999999865,24.07966526472993,18.091206472354028,48.47792525726751,49.5041444827095,0.6346089069520815,0.7753555652930394,-34.08256255925228,53.21345242889195,31677185.928847753,24767100.0,-0.5610344674046213,0,1,1,1,1,1,1,1,0,1,0,0,0,1,0,1,1,1,65.49865,0.007981283356211621,1.0
2014-12-01,72.160004,72.949997,71.900002,72.279999,65.166534,2643200,0.6713333333333333,1.0,0.03225806451612903,0.0,72.5779999,72.01900026666667,70.83540054,69.995300175,72.56757463178573,71.95781618094335,71.34165902599707,69.93927411770768,0.7099990000000105,17.914497461507363,23.295741348497458,35.67016181767412,39.49993923916358,0.44136593274049574,0.5998355189637208,-35.08630287801697,47.5205362911445,30161925.90102928,19293700.0,0.9920343719435665,0,1,1,1,0,1,1,1,1,1,0,0,0,1,0,0,0,1,65.671417,0.007747580989960312,1.0
2014-12-04,72.589996,73.050003,72.169998,72.739998,65.581268,1733000,0.6713333333333333,1.0,0.12903225806451613,0.42857142857142855,72.7119995,72.3073334,71.10440032,70.021100155,72.63393025587662,72.09563867815878,71.4973940877455,70.02144784041442,0.27999900000000366,49.99731387237592,39.38919144323823,57.74052823555187,50.075505610632945,0.38137183188584345,0.5025281527798747,32.54588513447672,65.87192617013135,31464963.72024598,21816200.0,0.3864187191059769,1,1,1,1,1,1,1,1,1,1,1,1,0,1,1,1,1,0,65.049347,-0.008110867877699435,0.0
2014-12-09,72.25,72.800003,72.110001,72.510002,65.373901,2094800,0.6713333333333333,1.0,0.2903225806451613,0.14285714285714285,72.5159996,72.50166680000001,71.36180037999999,70.036450155,72.51025963075435,72.14079270026568,71.59285302818049,70.08990893774171,-0.5400010000000037,16.770190656400846,22.936904670505793,32.37426476868698,40.229781292465866,0.2566287234352984,0.39346865397850467,-39.31941835780336,69.51711593886223,30845023.841555502,23993500.0,-0.7392210510929119,0,1,1,1,0,1,1,1,0,1,0,0,0,1,1,1,1,1,64.805901,-0.008688482579615298,0.0
2014-12-10,73.529999,74.470001,71.809998,71.879997,64.805901,8403400,0.6713333333333333,1.0,0.3225806451612903,0.2857142857142857,72.4409996,72.54066673333334,71.4176004,70.04705013,72.39566642516264,72.12396717121628,71.60411357609499,70.10772075925672,-0.75,16.770190656400846,18.808520724215004,21.95432250660348,31.50881908111016,0.18718233297015274,0.3522113897768343,29.91412049463993,75.61534178486978,22883901.23492697,15590100.0,-1.0326311868083926,0,0,1,1,0,0,1,1,0,1,0,0,0,1,1,0,0,0,66.149277,0.020729223408220143,1.0
2014-12-11,72.57,73.949997,72.32,73.370003,66.149277,3741000,0.6713333333333333,1.0,0.3548387096774194,0.42857142857142855,72.525,72.64733356666667,71.49980041999999,70.066000135,72.57281852967853,72.20435657952491,71.67336414173832,70.1401812790651,0.8400039999999933,42.70165861028321,25.41401330769496,32.128259710049065,28.818948995113185,0.2495005132841328,0.331669214478294,146.10922365897287,76.95580923638265,23962617.127655614,19331100.0,1.1581469896338938,1,1,1,1,1,1,1,1,1,1,1,0,0,1,1,1,1,1,65.563248,-0.008859189798854472,0.0
2014-12-12,73.230003,73.879997,72.690002,72.720001,65.563248,3800000,0.6713333333333333,1.0,0.3870967741935484,0.5714285714285714,72.5419998,72.68533353333333,71.56780044,70.08260013,72.59957897882788,72.23762396149105,71.71440872441525,70.16585112703461,0.16999799999999254,49.52290072233534,36.33158332967313,31.829625756061343,28.637402657571304,0.24362997634170824,0.31406136685097685,119.92961707283891,67.49236909678157,20354208.184760876,15531100.0,0.2343183914134263,1,1,1,1,1,1,1,1,1,1,0,0,0,0,0,0,0,0,64.89608,-0.010175944913528467,0.0
2014-12-16,72.010002,73.309998,71.339996,71.790001,64.72477,2124900,0.6713333333333333,1.0,0.5161290322580645,0.14285714285714285,72.4070007,72.68233363333334,71.6410005,70.112050165,72.3602146552484,72.19319665724659,71.72738013968512,70.19988347015415,-1.0499949999999956,19.37780099085731,40.05738092333967,22.22664403106715,30.346482915563712,0.1080181871847401,0.2509585863555435,-121.23078569040469,62.0208022075098,18435301.83708923,11054100.0,-1.4415088655413923,0,0,1,1,0,0,1,1,0,1,0,0,0,1,1,0,0,0,66.690224,0.030366334248850935,1.0
2014-12-17,72.360001,74.089996,72.18,73.970001,66.690224,2643800,0.6713333333333333,1.0,0.5483870967741935,0.2857142857142857,72.5460006,72.75400033333332,71.71660048,70.139300185,72.65290308156686,72.30782919548874,71.8153260557759,70.2373970774163,1.389999000000003,35.081873667824375,35.24370523850268,38.83163873416925,32.68048724159968,0.22647007837933586,0.24606088476030202,178.56552800372666,63.10739801659502,20746909.747681722,13697900.0,1.9151267039094366,1,1,1,1,1,1,1,1,1,1,1,1,0,1,1,1,1,1,67.916382,0.018385873167857447,1.0
2014-12-19,75.300003,75.949997,74.440002,75.400002,67.979477,4360700,0.6713333333333333,1.0,0.6129032258064516,0.5714285714285714,73.13000100000001,72.86966706666665,71.8802005,70.21090019,73.55062173228855,72.68972382248288,72.08832689731561,70.33893476059413,3.25,100.0,67.24951344483034,90.61508666273158,65.16589382191366,0.5816093374745179,0.3418301968303392,218.99051564921064,72.56833643038959,24651844.46979673,20814800.0,4.504504379639518,1,1,1,1,1,1,1,1,1,0,1,1,1,0,1,1,1,1,68.980247,0.014721649005919879,1.0
2014-12-23,76.830002,77.510002,76.199997,76.900002,69.331856,1923200,0.6713333333333333,1.0,0.7419354838709677,0.14285714285714285,73.9850014,73.04166719999999,72.13620055999999,70.29595020500001,74.59983834971382,73.19192297055994,72.44361910052088,70.46501168422289,4.390000000000001,100.0,100.0,90.00416569572621,91.27854915115643,0.968438118542835,0.5382324152527245,169.32316230099565,76.83218994136575,25407347.40134369,25485400.0,6.054337165788522,1,1,1,1,1,1,1,1,1,0,0,1,1,0,1,1,1,1,70.666199,0.019245741813114003,1.0
2014-12-24,76.800003,78.660004,76.709999,78.379997,70.666199,1414700,0.6713333333333333,1.0,0.7741935483870968,0.2857142857142857,74.6350014,73.19066696666667,72.3402005,70.342950175,75.28713992249313,73.52663742407222,72.67641823383379,70.5437677570167,6.5,100.0,100.0,92.70591455426347,91.97549178166706,1.2183339765825991,0.6742527275186995,160.21991215645753,76.7137661631938,26415765.465758912,26900100.0,9.042849570514033,1,1,1,1,1,1,1,1,1,0,1,1,1,0,0,1,1,1,71.477638,0.011482703350154555,1.0
2014-12-26,78.480003,79.849998,78.25,79.279999,71.477638,3526600,0.6713333333333333,1.0,0.8387096774193549,0.5714285714285714,75.22600100000001,73.40966696666666,72.59920043999999,70.39185017,76.01311430022164,73.89782204187401,72.93538218544815,70.63069543107623,5.909996000000007,100.0,100.0,93.19674823904488,91.9689428296782,1.4720322132054235,0.8338086246560443,158.60868364863435,81.41692134324842,27429664.23313239,30426700.0,8.05505759622227,1,1,1,1,1,1,1,1,1,0,1,0,1,0,0,1,1,0,72.334137,0.011982754662374306,1.0
2014-12-29,79.239998,80.889999,79.239998,80.230003,72.334137,2761400,0.6713333333333333,1.0,0.9354838709677419,0.0,75.97700119999999,73.67533366666666,72.84420044,70.44355019,76.77982133654498,74.30634984562407,73.22144574680313,70.72621092927449,7.510002,100.0,100.0,94.18861073546286,93.36375784292375,1.729807136904725,1.0130083271057806,151.52937086459104,81.98206727689114,27981958.960590113,33188100.0,10.32728533653348,1,1,1,1,1,1,1,1,1,0,1,1,1,0,0,1,1,1,70.594086,-0.024055737334641836,0.0
2014-12-30,79.949997,80.129997,78.029999,78.300003,70.594086,1990200,0.6713333333333333,1.0,0.967741935483871,0.14285714285714285,76.6090012,73.8996671,73.03560044,70.482050215,77.05621800262772,74.56400488784188,73.42060485477163,70.80157204440609,6.320000000000007,86.62663128733145,95.54221042911047,86.42356394079509,91.26964097176761,1.7580945314052485,1.1620255679656744,94.80332918443692,77.31192201669857,26503532.74399372,31197900.0,8.780216360924586,1,1,1,1,1,1,1,1,1,0,0,0,1,1,0,0,0,0,69.331856,-0.0178801096737764,0.0
2014-12-31,78.370003,78.510002,76.800003,76.900002,69.331856,2080800,0.6713333333333333,1.0,1.0,0.2857142857142857,77.1200013,74.05766703333332,73.18420046,70.514050225,77.02781509305903,74.71471437894886,73.55705180164333,70.86225293948664,5.110000999999997,65.5373930888425,84.05467479205798,74.7295402245772,85.11390496694506,1.6485407632059008,1.2593286070137197,46.79841058257932,68.20405268233563,24666098.873681523,29117100.0,7.117984299791272,0,1,1,1,0,1,1,1,1,0,0,0,1,1,0,0,0,0,69.8638,0.00767243271260476,1.0
2015-01-02,77.260002,77.599998,76.529999,77.489998,69.8638,2210200,0.6716666666666666,0.08333333333333333,0.06451612903225806,0.5714285714285714,77.472001,74.2340004,73.33380038,70.552350205,77.11184834886649,74.89376493514571,73.7112849858926,70.92820065153154,3.5199970000000036,46.529693405118955,66.23123926043097,65.16582595139846,75.43964337225692,1.5909864574861103,1.325660177108198,34.79520970603227,60.90116990937021,26421864.80411697,31327300.0,4.7586818337341965,1,1,1,1,1,1,1,1,1,0,0,0,1,1,0,1,1,0,69.016312,-0.012130574059813548,0.0
2015-01-05,77.279999,77.599998,76.300003,76.550003,69.016312,2779200,0.6716666666666666,0.08333333333333333,0.16129032258064516,0.0,77.5940011,74.37033386666667,73.46420046,70.586250235,77.00969464907257,75.000619003846,73.82260726095564,70.9841389833571,1.2200010000000105,36.07180101488766,49.37962916961637,59.05762542692393,66.31766386763321,1.4527777967941375,1.351083701045386,16.744012066532306,62.33937000691527,24711591.99229847,28548100.0,1.619541972134835,0,1,1,1,0,1,1,1,1,0,0,0,1,1,1,0,0,0,68.664696,-0.005094679646168165,0.0
2015-01-07,76.370003,77.010002,75.720001,76.470001,68.944183,2908100,0.6716666666666666,0.08333333333333333,0.22580645161290322,0.2857142857142857,77.66600120000001,74.59400076666667,73.70040058,70.650250285,76.78516826921387,75.16539113031685,74.01449462804865,71.08971337031076,-0.04000100000000373,18.784765662009153,28.755608454089113,51.42668352172291,55.65301504486453,1.1845951143119464,1.3091050322367437,-28.877649818723853,59.05189485736563,22342870.923692193,28166200.0,-0.052282053266713716,0,1,1,1,0,1,1,1,0,1,0,0,0,1,0,1,1,0,69.755615,0.011769404824189644,1.0
2015-01-08,77.059998,77.739998,76.879997,77.370003,69.755615,2164100,0.6716666666666666,0.08333333333333333,0.25806451612903225,0.42857142857142855,77.7130013,74.73800076666666,73.84060061999999,70.6867503,76.89150185662953,75.30762415416737,74.1460831916546,71.15220381438726,0.47000099999999634,15.731908688535768,21.975644345305145,50.07244708585366,52.65795559784112,1.1549589305976866,1.2782758119089324,6.3606885157987625,58.667249438963005,22644865.69474473,30330300.0,0.611184639501045,0,1,1,1,1,1,1,1,1,1,0,0,0,1,0,1,1,1,68.971237,-0.01124465750893322,0.0
2015-01-14,76.269997,76.949997,75.330002,76.449997,68.926147,3647800,0.6716666666666666,0.08333333333333333,0.45161290322580644,0.2857142857142857,76.683001,75.2680008,74.28320056,70.799250335,76.65742504278028,75.57996869818194,74.48994571827558,71.3608070177872,-1.8500060000000076,0.503174362339809,2.899246636635491,16.385785569545764,23.06957689542702,0.7848414472166354,1.0484418129382296,-87.70125251917666,35.23697158672956,22729791.869708918,29816000.0,-2.3627151074311037,0,1,1,1,0,1,1,1,0,1,0,0,0,1,0,1,1,1,69.575294,0.009418007944067996,1.0
2015-01-15,76.529999,77.379997,76.019997,77.169998,69.575294,2655100,0.6716666666666666,0.08333333333333333,0.4838709677419355,0.42857142857142855,76.7100006,75.4123342,74.37540056,70.833100315,76.75062012591113,75.68255123378312,74.59504580775496,71.4186099131326,0.2699960000000061,4.904152862922168,2.093334123521748,22.38793356308902,19.69696406853266,0.7710182478470244,0.9929570999199886,-37.80690994762244,37.39797759779321,24564938.421326607,32471100.0,0.3511001209076771,1,1,1,1,1,1,1,1,1,1,1,0,0,1,1,1,1,1,70.107231,0.0076454869166633355,1.0
2015-01-16,77.220001,77.809998,76.830002,77.760002,70.107231,2559400,0.6716666666666666,0.08333333333333333,0.5161290322580645,0.5714285714285714,76.73700099999999,75.58500086666666,74.4942006,70.87050033,76.9341441030182,75.81658031547452,74.7191617368626,71.48170834185765,0.27000400000000013,13.366532573060873,6.257953266107607,32.31411215989272,23.695943764175848,0.7984674193056236,0.9540591637971156,22.11619785175179,35.54648818166872,26863194.98319016,35030500.0,0.3484372266985994,1,1,1,1,1,1,1,1,1,1,1,1,0,1,0,1,1,0,70.657204,0.007844740009771423,1.0
2015-01-20,78.0,78.389999,77.300003,78.370003,70.657204,1912500,0.6716666666666666,0.08333333333333333,0.6451612903225806,0.14285714285714285,76.919001,75.7726677,74.57800066,70.91350036,77.19520935701489,75.98131726286326,74.86233198247582,71.55024858721231,1.8199999999999932,38.22139274123889,18.830692725740633,46.710650261889555,33.804231994957114,0.8595348850432032,0.9351543080463333,116.47502316439366,33.800677473168854,28705525.27614537,36943000.0,2.3775309322979297,1,1,1,1,1,1,1,1,1,1,1,1,0,1,0,1,1,1,71.46862,0.011483839637922877,1.0
2015-01-21,78.0,79.43,77.470001,79.269997,71.46862,2466000,0.6716666666666666,0.08333333333333333,0.6774193548387096,0.2857142857142857,77.2300003,76.01000086666666,74.70180056,70.96175033,77.57244347392127,76.19349014913014,75.03518159100618,71.62706200425497,3.109993000000003,66.71741000133822,39.43511177187932,67.71198853109384,48.912250317625386,0.969378889423993,0.9419992243218652,207.5470726664805,40.53286506688708,30768905.276849445,39409000.0,4.083498997715393,1,1,1,1,1,1,1,1,1,1,1,1,1,1,1,1,1,1,70.972755,-0.006938219878878216,0.0
2015-01-27,78.730003,79.400002,78.260002,78.980003,71.207169,1523500,0.6716666666666666,0.08333333333333333,0.8709677419354839,0.14285714285714285,78.1179999,76.86366753333333,75.11880049999999,71.14260028000001,78.32929744883528,76.83540446305275,75.61157440297931,71.91344686964275,2.4800029999999964,74.88732212630048,77.11061366989675,83.78995845583162,84.01589721928163,1.05046876694729,1.0001664773769545,91.01966968028758,62.76423362494079,31868075.346027125,37768600.0,3.2418339869281,1,1,1,1,1,1,1,1,1,1,1,1,1,1,1,1,1,1,70.188377,-0.014307435814503333,0.0
2015-01-28,79.0,79.889999,77.699997,77.849998,70.188377,2090400,0.6716666666666666,0.08333333333333333,0.9032258064516129,0.2857142857142857,78.2589995,77.03466743333333,75.23060042,71.18475028,78.24215209450159,76.90086211059773,75.69935572050954,71.97251703014382,1.4099959999999925,49.990758017709766,66.09205458199982,73.59610374345819,79.73243768645175,0.947403224236254,0.9896138267488145,53.46076130379382,64.25438802040806,30064033.157937817,35678200.0,1.844578706316612,0,1,1,1,0,1,1,1,1,0,0,0,0,1,1,0,0,0,71.351402,0.016570051192378976,1.0
2015-01-29,77.949997,79.269997,77.349998,79.139999,71.351402,1887300,0.6716666666666666,0.08333333333333333,0.9354838709677419,0.42857142857142855,78.5279997,77.27333396666668,75.3820004,71.22930026,78.4053969864104,77.0453225550753,75.83428290794055,72.0438352586996,2.690002000000007,45.132414618682105,56.670164920897435,74.04971351103751,77.1452585701091,0.958763312149415,0.9834437238289346,53.6288363483266,63.97430504819164,31695765.08170443,37565500.0,3.5186423879127253,1,1,1,1,1,1,1,1,1,0,1,0,0,1,0,1,1,1,69.322845,-0.0284305135307642,0.0
2015-01-30,78.82,78.849998,76.82,76.889999,69.322845,2939700,0.6716666666666666,0.08333333333333333,0.967741935483871,0.5714285714285714,78.4999998,77.4433339,75.4766003,71.26090025500001,78.12987007979032,77.03530168055431,75.8756835390017,72.09205579343892,-0.27999900000000366,20.828945396771374,38.6507060110544,57.67540344142045,68.44040689863873,0.7772504088090386,0.9422050608249555,-27.513660346366848,61.72566162201018,28958800.31622193,34625800.0,-0.3628340122543526,0,0,1,1,0,0,1,1,0,1,0,0,0,1,0,0,0,0,70.071167,0.010794738732953002,1.0
2015-02-02,77.18,78.040001,76.440002,77.720001,70.071167,2560800,0.6716666666666666,0.16666666666666666,0.06451612903225806,0.0,78.4959997,77.5683339,75.58700038,71.29185026500001,78.05534842891936,77.07947583019597,75.94800971394281,72.14805524823058,-0.04000100000000373,26.047734047101002,30.66969802085148,56.725132348405815,62.816749766954594,0.6923928758921107,0.8922426238383865,-46.56686777474398,60.95307441103977,30495279.676021505,37186600.0,-0.05144161390325547,0,1,1,1,0,1,1,1,0,1,0,0,0,1,0,1,1,1,70.846535,0.011065435801861367,1.0
2015-02-03,77.650002,78.879997,77.120003,78.580002,70.846535,3045700,0.6716666666666666,0.16666666666666666,0.0967741935483871,0.14285714285714285,78.5169996,77.67666723333333,75.70940044,71.331400285,78.15073998729765,77.17628397018333,76.05122509770976,72.21205471839744,0.20999899999999627,21.290727952677056,22.722469132183132,52.63158433364464,55.67737337449031,0.686622605078071,0.8511186200863234,12.316740805937073,61.824438562475095,32502686.623317886,40232300.0,0.26795839219247736,1,1,1,1,1,1,1,1,1,1,0,0,0,1,1,1,1,1,69.990013,-0.012089822035756592,0.0
2015-02-04,78.160004,78.849998,77.379997,77.629997,69.990013,2138300,0.6716666666666666,0.16666666666666666,0.12903225806451613,0.2857142857142857,78.3529996,77.75100040000001,75.80860041999999,71.365900255,78.05605944415262,77.20555577855862,76.11313772132898,72.26596459184623,-1.6400000000000006,26.603988713715463,24.647483571164496,55.095438550472856,54.81738507750777,0.5984931039550787,0.8005935168600746,-27.89665540433476,64.58425144613491,31091699.053717595,38094000.0,-2.0688785947601342,0,0,1,1,0,1,1,1,0,1,1,0,0,1,1,0,0,0,70.945709,0.013654748142424067,1.0
2015-02-05,78.029999,78.82,77.309998,78.690002,70.945709,1779600,0.6716666666666666,0.16666666666666666,0.16129032258064516,0.42857142857142855,78.3499997,77.82366706666667,75.91740046,71.40500025,78.17132172703396,77.30132650252258,76.21419122245334,72.32988536207661,-0.02999899999998945,32.98403001398272,26.959582226791735,59.36382347096305,55.696948785026855,0.6071841432011098,0.7619116421282818,-2.125779343580505,63.64090204370698,32564882.981685918,39873600.0,-0.03810848528824263,1,1,1,1,1,1,1,1,0,1,1,1,0,1,0,1,1,1,68.258965,-0.037870422860951214,0.0
2015-02-06,78.190002,78.309998,75.029999,75.709999,68.258965,3980900,0.6716666666666666,0.16666666666666666,0.1935483870967742,0.5714285714285714,78.012,77.78400029999999,75.97060038,71.42825025500001,77.72380850393687,77.19866021203727,76.19441897843555,72.36351833359824,-3.379997000000003,18.91439785351234,26.167472193736824,40.27042108206483,51.57656103450025,0.36935284753116093,0.6833998832088576,-227.4746573139096,53.175784935321396,30234600.55809372,35892700.0,-4.273608763363704,0,0,0,1,0,0,0,1,0,1,0,0,0,1,0,0,0,0,67.826225,-0.006339680069863518,0.0
2015-02-09,75.720001,78.150002,74.709999,75.230003,67.826225,4549300,0.6716666666666666,0.16666666666666666,0.2903225806451613,0.0,77.6420003,77.6790005,76.0226005,71.446800285,77.27038932140289,77.0716500693252,76.1565987439871,72.39204056908483,-3.6999970000000104,13.601137092473934,21.83318831998965,29.749301607061472,43.12784872002979,0.140518358359202,0.5748235782389265,-187.1611520502171,43.892419932795995,27060679.705844443,31343400.0,-4.687694159381744,0,0,0,1,0,0,0,1,0,1,0,0,0,1,0,0,0,0,69.115494,0.019008414518130845,1.0
2015-02-10,75.230003,76.860001,75.220001,76.660004,69.115494,4019500,0.6716666666666666,0.16666666666666666,0.3225806451612903,0.14285714285714285,77.4100004,77.59166733333333,76.1052006,71.468450295,77.15941017205691,77.045092258401,76.17634012657585,72.43450786690488,-2.3199989999999957,9.17218499453656,13.89590664684093,20.55844699196546,30.192723227030598,0.07370488270187536,0.4745998391315163,-129.93719819830267,46.10702973887023,30099828.557673767,35362900.0,-2.937451141904864,0,0,1,1,0,0,1,1,0,1,0,0,0,1,1,1,1,1,66.825478,-0.03313317850263786,0.0
2015-02-11,76.209999,76.489998,74.0,74.120003,66.825478,4040700,0.6716666666666666,0.16666666666666666,0.3548387096774194,0.2857142857142857,77.0370009,77.38800066666666,76.13660060000001,71.47535032,76.60679068622838,76.85637682237514,76.09569945494543,72.45127896275658,-3.7299950000000024,9.17218499453656,10.64850236051567,16.57365805046339,22.293802216496783,-0.182102961561867,0.3432592789928397,-176.96055455745042,36.84783684486159,26448603.667372618,31322200.0,-4.791258954174928,0,0,0,1,0,0,0,1,0,1,0,0,0,1,0,0,0,0,66.464821,-0.005396998432244726,0.0
2015-02-12,74.269997,74.599998,73.360001,73.720001,66.464821,5422100,0.6716666666666666,0.16666666666666666,0.3870967741935484,0.42857142857142855,76.4950011,77.23533393333334,76.16540064,71.48165033000001,76.08191983418685,76.65402999512513,76.00253480965347,72.46390306262964,-5.419998000000007,9.17218499453656,9.17218499453656,15.065101808850796,17.39906895042656,-0.4123559567934336,0.19213623183558504,-177.3301035552342,29.860882129285237,24174827.413317215,25900100.0,-6.848620253331071,0,0,0,1,0,0,0,1,0,1,0,0,0,1,0,0,0,0,65.734535,-0.010987556861095094,0.0
2015-02-17,72.849998,73.639999,72.190002,73.18,65.977966,4604800,0.6716666666666666,0.16666666666666666,0.5483870967741935,0.14285714285714285,75.6430015,76.9586674,76.17880076,71.48700033,75.08244279809202,76.20393283860587,75.7753273625444,72.47542305327087,-4.5400009999999895,1.7280902799190019,3.6334250914851727,9.774176286831944,10.248398201687266,-0.8119734316071145,-0.14385462350608066,-137.9204551791768,32.66238394639689,25546417.058514092,26406800.0,-5.8414834554621144,0,0,0,1,0,0,0,1,0,1,1,0,0,1,1,1,1,0,67.321327,0.020360751951643996,1.0
2015-02-18,73.0,74.699997,73.0,74.669998,67.321327,2974500,0.6716666666666666,0.16666666666666666,0.5806451612903226,0.2857142857142857,75.2520011,76.89600056666667,76.21740076,71.506050315,75.00745283480256,76.1049693006313,75.73198111303286,72.497259619905,-3.9100039999999865,12.44664329864142,4.72491119285346,19.824601996330827,11.834898264180609,-0.8086706792146856,-0.2768178346478017,-78.66231505926054,38.22291998072067,28415938.019727588,29381300.0,-4.975825783257154,0,0,0,1,0,0,0,1,0,1,1,1,0,1,1,1,1,1,66.527946,-0.01178498754191215,0.0
2015-02-24,73.849998,74.730003,73.510002,74.059998,66.771362,2217400,0.6716666666666666,0.16666666666666666,0.7741935483870968,0.14285714285714285,74.1000009,76.5373336,76.35440076,71.55930029,74.42536814255442,75.59827556571624,75.46678463760043,72.55366994672264,-1.1700050000000033,31.08185379783063,29.753335201310055,27.606713562880078,27.727713282750965,-0.8865733656849955,-0.6369660634114116,-39.37039742499599,35.59455670517919,29672877.780051764,29655900.0,-1.5552372103454566,0,0,0,1,0,0,0,1,0,1,1,1,0,1,0,0,1,1,66.132866,-0.009562422884229704,0.0
2015-02-25,73.720001,73.839996,72.589996,72.709999,66.132866,2381500,0.6716666666666666,0.16666666666666666,0.8064516129032258,0.2857142857142857,73.7050004,76.41100023333334,76.34120068,71.57355028,74.11348284390816,75.41193514212164,75.35867539691021,72.55522545969058,-3.9500050000000044,23.683307746640455,27.777296976113977,21.32112753256206,25.053522182850525,-0.9739104088480701,-0.7043549324987433,-82.77520519324257,35.52323449982768,27748637.21125175,27274400.0,-5.152628220577714,0,0,0,1,0,0,0,1,0,1,0,0,0,1,0,0,0,0,65.44162,-0.010452382329838916,0.0
2015-02-27,71.989998,72.5,71.610001,72.089996,65.568939,2220200,0.6716666666666666,0.16666666666666666,0.8709677419354839,0.5714285714285714,73.3249993,76.11600003333334,76.32800046,71.59810021999999,73.42373527567403,74.98867537203361,75.10206033294175,72.54463405923632,-1.630004999999997,4.9943863275013465,14.229047280139193,6.398007347584972,13.75979482209258,-1.16066884897279,-0.8576193447089099,-135.4115539825892,32.663763996363755,26274072.32369881,27078400.0,-2.2110756618139455,0,0,0,1,0,0,0,0,0,1,0,0,0,1,1,1,1,1,63.959057,-0.024552509535040623,0.0
2015-03-02,72.089996,72.089996,69.900002,70.32,63.959057,4422800,0.6716666666666666,0.25,0.06451612903225806,0.0,73.0659989,75.88766676666667,76.29860044,71.59685022,72.85941977100602,74.68747050932177,74.91452855517932,72.52249839695536,-2.5900040000000075,2.182034010231646,7.061956034669591,5.474187514018255,8.477481482577979,-1.3425441764263724,-0.9546043110524024,-185.100512476219,32.97167563133875,23547685.331588272,22655600.0,-3.552330075307646,0,0,0,0,0,0,0,0,0,1,0,0,0,1,1,0,0,0,64.550262,0.009243491504260293,1.0
2015-03-03,70.419998,71.019997,69.779999,70.970001,64.550262,3734800,0.6716666666666666,0.25,0.0967741935483871,0.14285714285714285,72.844999,75.6613334,76.23860044,71.601300215,72.51588908536856,74.44763376678489,74.75984120007425,72.50705066166226,-2.2099990000000105,11.585528292091878,6.253982876608274,10.369527865953009,7.413907575852089,-1.4178875107398596,-1.047260950989894,-168.12712370555536,24.486223556528,26981315.392926995,26390400.0,-3.019949439737647,0,0,0,0,0,0,0,0,0,1,1,0,0,1,0,1,1,1,64.222832,-0.00507248134794569,0.0
2015-03-04,70.559998,70.82,70.360001,70.610001,64.222832,2640200,0.6716666666666666,0.25,0.12903225806451613,0.2857142857142857,72.4389993,75.40266666666666,76.14420042,71.60270021000001,72.16936397893791,74.20004455602458,74.5971023686988,72.48817454562582,-4.05999700000001,16.038028297298002,9.935196866540494,13.512305084486558,9.785340154819282,-1.4894768751080676,-1.1357041358135287,-133.38730675250463,30.93908577570772,27210904.240293995,23750200.0,-5.437253393257101,0,0,0,0,0,0,0,0,0,1,1,1,0,1,1,1,0,0,64.741272,0.008072518508682291,1.0
2015-03-05,70.830002,71.739998,70.639999,71.18,64.741272,3371300,0.6716666666666666,0.25,0.16129032258064516,0.42857142857142855,72.17799919999999,75.13300010000002,76.05980038,71.613400205,71.98947961913102,74.00520297176493,74.46309835424003,72.47515788348029,-2.610000999999997,31.128806761209706,19.584121116866513,20.928428664497297,14.93675387164563,-1.4831213073041454,-1.2051875701116521,-80.92710941655659,40.08218530122948,27149617.01539655,27121500.0,-3.5370659501685013,0,0,0,0,0,0,0,0,0,1,1,1,0,1,1,0,1,1,63.286007,-0.022478165087643,0.0
2015-03-10,69.419998,70.220001,69.230003,69.260002,62.994942,5119900,0.6716666666666666,0.25,0.3225806451612903,0.14285714285714285,70.8239998,74.188667,75.59220044,71.61695024,70.84002362911082,73.18153276111494,73.89792476714075,72.3863097819244,-4.799995999999993,5.27958431501454,16.596522092431673,5.0541386785547875,12.159373244003826,-1.7116518571951786,-1.427470001496965,-99.19677080108951,27.72104802180121,19708989.891408984,14859200.0,-6.481226207972614,0,0,0,0,0,0,0,0,0,1,0,0,0,1,0,0,0,0,62.53109,-0.007363321328242578,0.0
2015-03-11,69.510002,69.870003,68.739998,68.75,62.53109,3759500,0.6716666666666666,0.25,0.3548387096774194,0.2857142857142857,70.4279999,73.8476669,75.38160046,71.61410024,70.46001933290884,72.89562742168818,73.69604536450778,72.35012759503958,-3.9599989999999963,2.6906543603492055,9.388659401209802,2.7632280909385964,7.292644921791438,-1.777667852210854,-1.497509571639743,-104.79716614548065,27.793359158323025,16016042.72790081,11099700.0,-5.4462921942826545,0,0,0,0,0,0,0,0,0,1,0,0,0,1,1,0,0,1,63.504288,0.01556342612930628,1.0
2015-03-12,69.199997,70.110001,69.059998,69.82,63.504288,3042600,0.6716666666666666,0.25,0.3870967741935484,0.42857142857142855,70.21500019999999,73.58000030000001,75.1734004,71.61610025,70.34365218147086,72.69719984609539,73.54404358550748,72.32495219608397,-2.129997000000003,17.734042207288788,8.56809362755083,6.486861419385406,4.768076062959606,-1.7237753371694566,-1.5427627247456859,-72.8057824923302,34.883329400765334,17377967.448687308,14142300.0,-2.9603851130111973,0,0,0,0,0,0,0,0,0,1,1,0,0,1,1,1,1,1,62.722084,-0.012317341468343068,0.0
2015-03-13,69.830002,69.839996,68.25,68.959999,62.722084,2858100,0.6716666666666666,0.25,0.41935483870967744,0.5714285714285714,69.9020005,73.24066696666665,74.98660032000001,71.61915025500001,70.09207887574888,72.45609011408924,73.36427713117385,72.2914700747299,-3.129997000000003,27.781213448554436,16.06863667206413,9.717938732957998,6.322676081094009,-1.73051176171343,-1.5803125321392348,-97.43742456637435,30.234928964642908,17072387.256158534,11284200.0,-4.341791057943745,0,0,0,0,0,0,0,0,0,1,1,1,0,1,0,0,0,0,63.649822,0.014791249601974199,1.0
2015-03-17,69.889999,70.290001,69.550003,69.989998,63.658909,2293600,0.6716666666666666,0.25,0.5483870967741935,0.14285714285714285,69.7700005,72.752667,74.69820034,71.63160028,70.05684627219553,72.14754613522274,73.1044404005953,72.24579903515703,-0.9800029999999964,76.88846115859286,55.26140712967834,26.153177183370378,18.616487027615303,-1.540208867399727,-1.5809939244486697,-27.34882448530174,35.7768349913562,18547312.20339401,16199600.0,-1.380869361971682,1,0,0,0,0,0,0,0,0,0,1,1,1,1,1,1,1,0,65.41433,0.02757541760572746,1.0
2015-03-19,71.800003,72.620003,71.239998,71.599998,65.12326,2562000,0.6716666666666666,0.25,0.6129032258064516,0.42857142857142855,69.94300000000001,72.32966689999999,74.51440011999999,71.651850255,70.61458238056063,72.09848705486195,73.00081545629732,72.23616360959517,0.41999799999999254,97.60405320383101,91.49750478747461,66.52213303308527,47.986842966482875,-1.1130592456553217,-1.4415942588515094,149.7087532193765,47.50823795686325,19619644.5230223,16854300.0,0.5900505760044851,1,0,0,0,1,0,0,0,1,0,1,1,1,1,1,0,0,0,65.659882,0.008240097316995376,1.0
2015-03-23,72.040001,72.550003,71.919998,72.199997,65.668999,2383700,0.6716666666666666,0.25,0.7419354838709677,0.0,70.4669997,71.99600016666666,74.32540002,71.67240022,71.13719952748272,72.110559358105,72.93886113055358,72.23534899367785,2.629997000000003,97.60405320383101,97.60405320383101,85.73599758779731,78.8829326030147,-0.7415580206430974,-1.216696050128233,124.9261983159424,64.03696437120936,20174972.379534796,23532100.0,3.7803607876958507,1,1,0,1,1,1,0,0,1,0,1,1,1,0,1,0,1,1,64.995949,-0.010249128359638982,0.0
2015-03-24,72.0,72.519997,71.300003,71.459999,64.995949,2376800,0.6716666666666666,0.25,0.7741935483870968,0.14285714285714285,70.68699939999999,71.87033336666667,74.2246,71.680450225,71.19589034066767,72.06858772209823,72.88086653719854,72.22763406836762,2.199996999999996,94.177055591338,96.46172066633333,84.66811883958285,84.93159453851389,-0.6593645328057818,-1.1052297466637429,79.51897636353316,58.48052309886492,18421582.810733635,21155300.0,3.17643219242182,1,0,0,0,1,0,0,0,1,0,0,1,1,1,0,0,0,0,64.304672,-0.010635693618382236,0.0
2015-03-27,70.440002,70.870003,70.169998,70.389999,64.02272,1962100,0.6716666666666666,0.25,0.8709677419354839,0.5714285714285714,71.0789992,71.43533299999999,73.86579996,71.71095022,70.8646608026647,71.77990133880212,72.60925671593031,72.1760512593999,1.4300000000000068,61.522885356757875,71.16003068362991,51.10596796691749,61.22545250223192,-0.6576109141288526,-0.885790438084183,-8.488479867245395,49.77117845163809,14464812.197661849,18290400.0,2.073665923342033,0,0,0,0,0,0,0,0,1,0,0,0,1,1,0,0,1,1,64.704887,0.010655076822727816,1.0
2015-03-31,71.010002,71.540001,70.330002,70.870003,64.459312,2479600,0.6716666666666666,0.25,1.0,0.14285714285714285,71.2829993,71.29933293333333,73.6074,71.73865022499999,70.9065915125276,71.68257768359273,72.48569226564733,72.15284935351836,0.880004999999997,69.95627065906093,66.04382417984017,58.35237031492509,54.640178609590116,-0.5504564415651174,-0.7712719788154639,7.466983148029013,60.253233626325326,14963141.090304688,17238300.0,1.257329654445764,0,0,0,0,0,0,0,0,1,1,1,0,1,1,1,0,0,0,65.041412,0.009030502838751842,1.0
2015-04-02,71.610001,71.830002,71.230003,71.580002,65.105087,1784200,0.6716666666666666,0.3333333333333333,0.06451612903225806,0.42857142857142855,71.2400001,71.1203331,73.31640008,71.76920023000001,71.11879332656805,71.66554429958532,72.41341312180671,72.14081653544913,-0.01999600000000612,83.33521808031895,77.90252008298951,68.52814762678598,64.59200071590325,-0.38319603841964067,-0.6442950312745593,49.352961865441124,66.6588162678476,16981215.337562088,21619200.0,-0.0279273750817788,1,1,0,0,1,0,0,0,0,0,1,1,1,1,1,1,1,1,66.132866,0.015786462277517677,1.0
2015-04-06,71.68,73.0,71.68,72.709999,66.132866,2330000,0.6716666666666666,0.3333333333333333,0.1935483870967742,0.0,71.2919998,71.07766646666667,73.19620004,71.78300024,71.40810344901021,71.73292847380563,72.42504394055939,72.14648004255909,0.5199969999999894,93.74544090675973,85.83224349888911,79.0747828610053,71.49947156459666,-0.22634971452316677,-0.5607059679242808,131.01333671137587,66.46722336701775,18287423.92847116,23949200.0,0.7203171984951453,1,1,0,1,1,1,1,1,1,0,1,1,1,1,0,1,1,1,65.44162,-0.010452382329838916,0.0
2015-04-08,71.919998,72.040001,71.410004,71.75,65.259697,2027300,0.6716666666666666,0.3333333333333333,0.25806451612903225,0.2857142857142857,71.2959999,70.93566636666667,72.90980006,71.79460024,71.55087872206468,71.74713077260202,72.38067289784048,72.14059936564398,0.29000100000000373,74.3455236353922,84.47063255368131,72.69468601508514,76.35903980705889,-0.12482658205334474,-0.4096590357650639,27.91987623046114,53.031320380844406,16753072.457311407,20069000.0,0.4058228436303277,1,1,0,0,1,1,0,0,1,0,0,1,1,1,0,1,0,1,64.91407,-0.005296178436133503,0.0
2015-04-09,71.57,71.589996,70.809998,71.370003,64.91407,1545800,0.6716666666666666,0.3333333333333333,0.2903225806451613,0.42857142857142855,71.3630005,70.89099983333332,72.75760006,71.80125025,71.51799222714382,71.72279994856319,72.34103878419968,72.13293174011518,0.6700060000000008,54.58488690412238,71.4171145528022,56.88934604633106,68.96389420216748,-0.12497516983908952,-0.35272226257986905,-24.12578528328925,46.679491521748155,17426908.22304414,18523200.0,0.9476747219663967,1,1,0,0,0,0,0,0,1,0,0,0,1,1,0,1,0,1,65.396149,0.00742641772423136,1.0
2015-04-10,71.449997,72.279999,71.260002,71.900002,65.396149,1175600,0.6716666666666666,0.3333333333333333,0.3225806451612903,0.5714285714285714,71.51700059999999,70.88933333333334,72.63860014,71.80905028000001,71.58744854948131,71.73423233897847,72.323743224035,72.13061403125832,1.5400010000000037,54.07816257082459,61.002857703446374,54.5662360042713,61.38342268856251,-0.08138824380412757,-0.29845545882472074,47.31286000342571,40.83283354836057,17726575.307162993,19698800.0,2.18874499447492,1,1,0,1,1,1,0,0,1,0,0,0,1,1,0,1,1,1,64.659401,-0.011265923319123794,0.0
2015-04-13,71.900002,72.0,71.019997,71.089996,64.659401,1360800,0.6716666666666666,0.3333333333333333,0.41935483870967744,0.0,71.5870003,70.856,72.47760008,71.81570025,71.4970026313938,71.69266870420567,72.2753609799552,72.12025962298709,0.6999969999999962,44.74780949647522,51.13695299047404,47.03193860635073,52.829173552317705,-0.11092730467355238,-0.26094982799448707,-0.5711809717835962,33.68499582101881,16560171.934928427,18338000.0,0.9944551924201565,0,1,0,0,0,0,0,0,1,0,0,0,1,1,0,0,0,0,65.150551,0.0075959565415706365,1.0
2015-04-14,71.139999,71.800003,71.029999,71.629997,65.150551,1799600,0.6716666666666666,0.3333333333333333,0.45161290322580644,0.14285714285714285,71.6360001,70.89966656666665,72.37240004,71.81820025,71.52118342568583,71.68862536845047,72.25005258858441,72.11538138793249,0.48999799999999993,49.016666268065954,49.280879445121904,49.999908675736684,50.53269442878624,-0.0897293118541711,-0.2267057247664239,19.463361094508905,41.05176097993777,17565119.445850443,20137600.0,0.6887798803595708,0,1,0,0,1,0,0,0,1,1,1,0,1,1,1,1,1,0,65.869102,0.011029085540658068,1.0
2015-04-15,71.830002,72.559998,71.610001,72.419998,65.869102,2953200,0.6716666666666666,0.3333333333333333,0.4838709677419355,0.2857142857142857,71.79099959999999,70.9479998,72.26639998,71.82620023999999,71.68460425737932,71.73581069951818,72.25671711452229,72.11841239899785,1.5499950000000098,56.260118550349084,50.00819810496339,55.935940138771976,50.989262473619796,-0.009078618769422064,-0.18318030356702356,103.48816580666113,51.036627146514284,19647899.855051816,23090800.0,2.1870959988530125,1,1,1,1,1,1,1,1,1,1,1,1,1,1,1,1,1,1,65.305191,-0.008561085286998504,0.0
2015-04-17,71.360001,72.0,71.269997,71.470001,65.005035,2942000,0.6716666666666666,0.3333333333333333,0.5483870967741935,0.5714285714285714,71.80899959999999,70.99733323333334,72.00760008,71.829150255,71.66275223841093,71.72253593579063,72.20865751171397,72.10882381645786,-0.1100009999999969,56.46588933668719,59.46963632833936,61.6717305956769,60.47003053972822,-0.010786864153828901,-0.11863206061323323,-4.124598913702171,49.1596972069549,18649152.047075637,17775600.0,-0.15367560341783298,0,1,0,0,0,0,0,0,0,0,0,1,1,1,0,0,0,0,66.16925,0.017909612693847388,1.0
2015-04-20,71.620003,73.440002,71.620003,72.75,66.16925,2332900,0.6716666666666666,0.3333333333333333,0.6451612903225806,0.0,71.8129997,71.10299983333334,71.88880003999999,71.84470026,71.86043364960894,71.78882393993317,72.22988662890167,72.11520367898066,0.04000100000000373,59.09067455437136,60.4131549963468,61.34411239997015,62.27275462679429,0.07926802905615205,-0.07905204267935617,149.34481677271359,50.79292837569838,19213143.750093065,20108500.0,0.055014441686354214,1,1,1,1,1,1,1,1,1,1,0,1,1,1,1,1,1,1,65.568939,-0.009072356117078573,0.0
2015-04-21,72.779999,73.209999,71.739998,72.089996,65.568939,3569200,0.6716666666666666,0.3333333333333333,0.6774193548387096,0.14285714285714285,71.8269996,71.18699969999999,71.81639998,71.86185022,71.90217225877095,71.80825439542136,72.22440072188593,72.11495285630424,0.1399990000000031,57.402834107977434,57.65313266634531,61.686139168655906,61.567327388100985,0.0962706259693249,-0.04398750894961996,89.45329213888476,48.89308788066898,17343551.92940723,16539300.0,0.19457818740423727,1,1,1,1,1,1,0,0,1,0,1,0,1,1,0,0,0,1,65.96006,0.005965034755252008,1.0
2015-04-22,72.339996,72.669998,71.93,72.519997,65.96006,2774200,0.6716666666666666,0.3333333333333333,0.7096774193548387,0.2857142857142857,71.9039993,71.2956662,71.76219986,71.8801502,72.0145040299035,71.85417327313613,72.23599273279235,72.11898314629126,0.7699970000000036,74.07471656372078,63.52274174202318,67.79576865454473,63.60867340772359,0.1427967218304076,-0.0066306627936144474,78.34355905846938,49.2625878586398,18993065.71620117,19313500.0,1.073166550522653,1,1,1,1,1,1,1,1,1,1,1,1,1,1,1,1,1,1,66.578537,0.009376537862457957,1.0
2015-04-24,73.050003,74.339996,72.970001,73.540001,66.887779,2868100,0.6716666666666666,0.3333333333333333,0.7741935483870968,0.5714285714285714,72.2509986,71.56799946666666,71.68139968,71.922100195,72.46822144150563,72.04416192581425,72.32345188751805,72.14377195575061,1.639999000000003,91.96309073476958,80.71243051698384,77.51490708552019,72.26154344928746,0.32613097372507127,0.09808120934317495,191.6404465352003,50.71960412250281,19574191.699911755,24248900.0,2.2809443037289525,1,1,1,1,1,1,1,1,1,0,1,1,1,1,1,0,1,0,66.005539,-0.013189853411039398,0.0
2015-04-28,72.199997,72.760002,71.57,72.739998,66.160149,2206900,0.6716666666666666,0.3333333333333333,0.9032258064516129,0.14285714285714285,72.50999909999999,71.78033266666667,71.65499954,71.95125017,72.5327759732393,72.1207909007386,72.34907642365661,72.15390342852108,1.110000999999997,68.69285614677227,81.25666059515306,60.623311023594574,70.19988254822657,0.32314269202849744,0.17842280400627009,20.661311401761388,50.11167793674659,20867776.442775615,24433300.0,1.5496315042425548,1,1,1,1,1,1,1,1,1,0,0,0,1,1,0,1,1,0,65.759964,-0.006048731843091959,0.0
2015-04-29,72.110001,72.510002,71.699997,72.300003,65.759964,2126100,0.6716666666666666,0.3333333333333333,0.9354838709677419,0.2857142857142857,72.4979996,71.85733283333333,71.6373996,71.968250175,72.4904536144685,72.13235297165869,72.34715197567007,72.15535715560047,-0.11999500000000296,46.79827360639916,66.20172155236294,47.6957009964547,60.26014718520472,0.28769324990949485,0.20027689318691505,-11.231359641453338,49.19054145930122,21891466.275184117,22307200.0,-0.16569318325582244,0,1,1,1,0,1,0,1,0,0,0,0,1,1,0,1,0,0,65.196053,-0.008575293623944047,0.0
2015-05-04,71.449997,72.57,71.449997,71.760002,65.268799,2210900,0.6716666666666666,0.4166666666666667,0.12903225806451613,0.0,72.40999910000001,71.83833286666668,71.49119963999999,72.001800205,72.14141290379229,72.05669615238777,72.27559202867381,72.14230114823742,-0.9899979999999999,3.4360913778708184,16.201670283786807,23.832721709862053,29.97478036951506,0.09647016508965578,0.17128909890579896,-52.10845538585377,42.967199649105034,22216369.931296006,23963400.0,-1.3608219931271477,0,0,1,0,0,0,0,0,0,1,0,0,0,1,1,0,1,0,64.413834,-0.013099137920402182,0.0
2015-05-07,71.019997,71.529999,70.790001,70.93,64.513878,2107900,0.6716666666666666,0.4166666666666667,0.22580645161290322,0.42857142857142855,71.875,71.77499973333333,71.32699964,72.013500185,71.54738528088998,71.83290391939128,72.11114278507848,72.10323180347127,-2.2699969999999894,3.41845154883787,2.3037903310661365,17.10644222453716,19.46590813687334,-0.17043461699974216,0.03339376197492256,-98.37474450191942,39.91860789152967,20712117.694618583,19264700.0,-3.1010889249080016,0,0,0,0,0,0,0,0,0,1,0,0,0,1,1,0,1,0,65.296097,0.012124817547009004,1.0
2015-05-08,71.739998,72.330002,71.580002,71.790001,65.296097,1927800,0.6716666666666666,0.4166666666666667,0.25806451612903225,0.5714285714285714,71.7,71.82266640000002,71.32379972,72.02140019500001,71.59149722981908,71.83013598910797,72.09854898958521,72.10011507905863,-1.75,19.126587243933177,8.035187733441756,25.136635569057677,20.44251712087761,-0.14464936604511536,-0.002214863629085021,-12.921192413425123,39.20136117850541,19863880.553818636,21192500.0,-2.3796572969858945,1,0,1,0,1,0,0,0,0,1,1,1,0,1,0,0,1,1,64.586639,-0.010865243599475716,0.0
2015-05-13,71.089996,72.089996,70.650002,70.900002,64.486595,2544400,0.6716666666666666,0.4166666666666667,0.41935483870967744,0.2857142857142857,71.2389999,71.84266636666668,71.31619977999999,72.031000225,71.3203918080677,71.67915231628193,71.97414139427302,72.06759061699132,-1.4000010000000032,18.705303191974185,24.47870372623626,21.779879887475417,25.99534571513014,-0.23907527743438095,-0.10593756376810731,-53.40517257921437,34.490206188627205,17788081.35864646,19129100.0,-1.9363775130133856,0,0,0,0,0,0,0,0,0,1,0,0,0,1,1,0,0,1,65.12326,0.009872827058088784,1.0
2015-05-14,71.339996,71.760002,71.230003,71.599998,65.12326,1722800,0.6716666666666666,0.4166666666666667,0.45161290322580644,0.42857142857142855,71.23099970000001,71.84566623333333,71.33599972,72.039350215,71.37122929750993,71.67404558619923,71.95946910430152,72.06293795413569,-0.08000200000000746,34.507699804117095,27.52210971239352,27.757742759584417,26.0883994493819,-0.20473095528343777,-0.12569624207117341,-6.203023408302496,32.03649881700542,18470672.25938401,20851900.0,-0.11160993303572468,1,0,1,0,1,0,0,0,0,1,1,1,0,1,0,1,1,1,65.659882,0.008240097316995376,1.0
2015-05-22,71.800003,72.120003,71.550003,71.970001,65.459801,1415300,0.6716666666666666,0.4166666666666667,0.7096774193548387,0.5714285714285714,71.7120001,71.88766623333332,71.6231997,72.191200225,71.84828177109337,71.8062637994674,71.98511028159076,72.06421703438006,0.1799999999999926,79.39968898946564,84.70102982430436,76.6555051157398,78.97406170524687,0.032368304222686106,-0.03823747475024232,45.27619128554222,46.60812439064001,19152249.421478927,21171300.0,0.250731296131327,1,1,1,0,1,1,0,0,1,0,0,0,1,1,0,1,0,0,65.041412,-0.00639154097031247,0.0
2015-05-28,70.800003,71.220001,70.580002,70.970001,65.140556,1899700,0.6716666666666666,0.4166666666666667,0.9032258064516129,0.42857142857142855,71.7430006,71.82666669999999,71.7107998,72.251950235,71.4959416777814,71.6766633106378,71.88458107606331,72.03576538191206,0.0699989999999957,19.439903896657245,43.81411660594572,39.09103018805302,55.45124048568518,-0.1185211083913913,-0.05403198527041958,-107.46134479549126,48.71848161220863,19827826.546233002,17887100.0,0.09872919326574307,0,0,0,0,0,0,0,0,1,1,0,0,0,1,0,1,1,1,64.727509,-0.006340857759949192,0.0
2015-06-01,70.599998,70.910004,70.32,70.5,64.70916,1769100,0.6716666666666666,0.5,0.03225806451612903,0.0,71.4660003,71.75166646666666,71.66079982000001,72.280750245,71.16967951983713,71.5309403436487,71.77886923092196,72.00555193423676,-1.6900020000000069,3.926824372463243,9.097850880527892,17.87886143237303,26.616258088293876,-0.24589323751740721,-0.11420076828265534,-112.16349341623399,40.02222646585889,17390846.503083587,12536000.0,-2.3410471716014176,0,0,0,0,0,0,0,0,0,1,0,0,0,1,1,0,0,0,63.873886,-0.012908126144737464,0.0
2015-06-02,70.150002,70.18,68.839996,69.589996,63.873886,3020000,0.6716666666666666,0.5,0.06451612903225806,0.14285714285714285,71.19899969999999,71.64633299999998,71.6087997,72.28725021999999,70.88246433441219,71.40571812792942,71.69303106500344,71.98151655180655,-2.6700060000000008,0.0,2.617882914975476,14.159802359386456,18.30584881207169,-0.35927099556717224,-0.1632148137395587,-191.81974834949193,39.13886663076992,17751433.426704723,9516000.0,-3.694998513838957,0,0,0,0,0,0,0,0,0,1,0,0,0,1,0,1,0,0,62.809181,-0.0166688621387463,0.0
2015-06-03,69.589996,69.68,68.029999,68.43,62.809181,3345300,0.6716666666666666,0.5,0.0967741935483871,0.2857142857142857,70.82299950000001,71.52433313333334,71.53339976000001,72.28490020999999,70.43656172815543,71.2137363132243,71.56506906245428,71.94617807865424,-3.760002,0.0,1.3089414574877287,13.374939616351186,15.137867802703559,-0.536540760471496,-0.2378800030859462,-196.39844826125324,30.523898734715505,16028100.134967335,6170700.0,-5.208480254648005,0,0,0,0,0,0,0,0,0,1,0,0,0,1,0,0,0,0,62.304356,-0.008037439622083364,0.0
2015-06-04,68.260002,68.800003,67.769997,67.879997,62.304356,3238400,0.6716666666666666,0.5,0.12903225806451613,0.42857142857142855,70.42199930000001,71.36966646666666,71.46179972,72.280900195,69.97173177758171,70.99865635753241,71.42055643255412,71.9057185654338,-4.010002,0.0,0.0,10.670193193138255,12.734978389625299,-0.7131877869866088,-0.33294155986607876,-180.67050142404497,24.207146254161895,13481393.193066066,2932300.0,-5.577969197078442,0,0,0,0,0,0,0,0,0,1,0,0,0,1,0,0,0,0,61.625134,-0.010901677564888024,0.0
2015-06-10,67.120003,67.199997,66.75,66.849998,61.358959,2968300,0.6716666666666666,0.5,0.3225806451612903,0.2857142857142857,68.563999,70.55966656666666,71.16499978,72.22745017999999,68.28456729504224,70.04588615824208,70.75691697953077,71.71086289854506,-3.980003999999994,0.2941789891730361,0.09805966305765974,2.6159750063275045,3.7804868620968812,-1.2513073675456923,-0.8022947321678275,-98.60146112764184,20.562163961115797,9156794.803851243,-3900000.0,-5.619093445740682,0,0,0,0,0,0,0,0,0,1,0,0,0,1,1,0,1,1,61.744457,0.006282668517893164,1.0
2015-06-11,67.300003,67.449997,66.900002,67.269997,61.744457,2135500,0.6716666666666666,0.5,0.3548387096774194,0.42857142857142855,68.1939986,70.3919997,71.09299965999999,72.213350185,68.10009996867092,69.8667965351297,70.62017501954918,71.66667517816153,-3.7000039999999927,6.83939282698753,2.3778572720535034,4.7936252786974896,3.9009293877424116,-1.263745974062786,-0.8945849805468193,-75.55683409418981,18.04607846926465,9894500.278446512,-1764500.0,-5.2134760432087255,0,0,0,0,0,0,0,0,0,1,1,1,0,1,1,1,1,1,61.313072,-0.006986619057966603,0.0
2015-06-16,66.959999,67.419998,66.68,67.370003,61.836243,1697900,0.6716666666666666,0.5,0.5161290322580645,0.14285714285714285,67.25999970000001,69.92966653333333,70.80239968,72.1759002,67.66034086638699,69.36557510359768,70.22179350996933,71.53146906274063,-2.2199930000000023,33.38142303220988,22.6963170892602,9.669111081471566,7.278761878387141,-1.2372642948284351,-1.076819071063459,-52.22055049568308,28.016069284734662,8919186.241624795,-1335600.0,-3.190103646506895,1,0,0,0,0,0,0,0,0,1,1,1,0,1,1,1,1,1,62.414497,0.009351376667563693,1.0
2015-06-17,67.360001,68.150002,67.25,68.0,62.414497,2737200,0.6716666666666666,0.5,0.5483870967741935,0.2857142857142857,67.2169997,69.83566653333334,70.72339973999999,72.164800195,67.72209707249844,69.27747348401074,70.13466435271563,71.49633006709146,-0.4300000000000068,61.83070598743546,39.419037720653,19.46479869974644,12.214156206413023,-1.1366043693067525,-1.0887761307121178,-11.043509243295505,29.344315352392872,10743976.103869542,1401600.0,-0.6283793657752547,1,0,0,0,1,0,0,0,0,1,1,1,0,1,1,1,1,1,63.194687,0.01250014079261108,1.0
2015-06-18,68.019997,68.93,67.860001,68.849998,63.194687,3381700,0.6716666666666666,0.5,0.5806451612903226,0.42857142857142855,67.3139998,69.7736665,70.6653997,72.16170018,67.92716996840781,69.24989442052618,70.08428528006013,71.46999840473235,0.9700009999999963,83.48742028253906,59.56651643406144,33.25866532150295,20.79752503424032,-0.9769808906865478,-1.0664170827070039,52.406801636969476,38.04972892564841,13619988.22303966,4783300.0,1.4289938757657816,1,0,0,0,1,0,0,0,1,0,1,1,1,1,1,1,1,1,62.4604,-0.01161944199517917,0.0
2015-06-22,68.660004,68.730003,67.889999,68.260002,62.653145,2494900,0.6716666666666666,0.5,0.7096774193548387,0.0,67.5380004,69.55999996666667,70.52619969999999,72.1436002,68.00595756562836,69.11361238882677,69.93609744537653,71.40436694200157,1.3300019999999932,87.8547441887104,88.0035258624106,48.867737587484044,41.11015010620431,-0.8208363553618767,-0.9914107384539425,75.4050618156347,36.602798867755766,9818493.952169072,3292700.0,1.9871537427162604,1,0,0,0,1,0,0,0,1,0,1,1,1,1,1,0,1,1,62.010635,-0.01025503189025867,0.0
2015-06-24,67.5,67.849998,67.349998,67.650002,62.093246,3154000,0.6716666666666666,0.5,0.7741935483870968,0.2857142857142857,67.6910004,69.33033336666668,70.37599983999999,72.108950205,67.87489727947022,68.92541938293789,69.75692040536296,71.32913827079045,0.8000040000000013,74.76065797083724,79.91272077111726,44.343394453873685,45.75864065965242,-0.7703795610347441,-0.916849739324922,18.73797741740648,36.59781350967624,8974773.437969014,2935800.0,1.1967150694604378,0,0,0,0,0,0,0,0,1,0,1,1,1,1,1,1,1,1,61.533352,-0.00901698712932486,0.0
2015-06-29,67.199997,68.139999,67.190002,67.290001,61.762814,2939000,0.6716666666666666,0.5,0.9354838709677419,0.0,67.73400050000001,68.89399993333333,70.09419978,72.07035020000001,67.57694960686234,68.61354676044687,69.46812345011006,71.20712737489048,0.19000300000000436,62.74291191829689,64.12069859625177,24.00342521585442,28.23131525195252,-0.7481064824996224,-0.8428936838352384,0.07157552434377702,45.99544112034525,5467870.312962767,5133200.0,0.2831639428662939,0,0,0,0,0,0,0,0,1,0,0,0,1,1,1,0,1,0,61.377323,-0.0062414740364648,0.0
2015-07-01,67.190002,67.300003,66.650002,67.07,61.56089,2747400,0.6716666666666666,0.5833333333333334,0.03225806451612903,0.2857142857142857,67.5910005,68.54366656666666,69.87619992,72.053850185,67.37961134013098,68.40873361033906,69.27618788839456,71.12323586958338,-0.9300000000000068,57.600888972976456,60.10699284810145,20.69527692194687,22.4602703956665,-0.7368682136866482,-0.8077181898944965,-75.98171108603083,39.14658252106426,5333600.057205719,4513000.0,-1.3676470588235394,0,0,0,0,0,0,0,0,0,0,0,0,1,1,1,1,1,0,62.322723,0.012375275925997853,1.0
2015-07-06,67.730003,68.099998,67.25,67.849998,62.276821,3191500,0.6716666666666666,0.5833333333333334,0.1935483870967742,0.0,67.4760004,68.2716667,69.67680004,72.04065019,67.54254967397196,68.3419822666963,69.16840719416969,71.05891348390811,-0.20000500000000443,81.54261535638717,68.8018503609089,41.47590981482688,30.392992099419093,-0.5742705673874724,-0.7354098619982243,16.23954434621091,39.37573397820125,7856008.925383726,3595900.0,-0.29390887756464085,1,0,0,0,1,0,0,0,0,0,1,1,1,1,0,1,0,1,63.635262,0.021812947067416877,1.0
2015-07-08,69.059998,69.650002,68.93,69.43,63.727039,3279100,0.6716666666666666,0.5833333333333334,0.25806451612903225,0.2857142857142857,67.7700006,68.11433333333333,69.52980006,72.047250225,68.15162445943577,68.47180770269678,69.18475427497171,71.02567346531634,1.8700020000000137,97.06216289445096,91.33386386166933,77.93291887323643,61.3028839671634,-0.2371247253750539,-0.580840987593283,162.37872755263254,42.295603246611094,10960415.031881824,9910700.0,2.767913048191644,1,1,0,0,1,1,1,0,1,0,1,1,1,0,1,1,1,1,63.011108,-0.011234336495690611,0.0
2015-07-15,69.029999,69.559998,68.809998,69.519997,63.809647,1607700,0.6716666666666666,0.5833333333333334,0.4838709677419355,0.2857142857142857,68.6999993,67.88133316666666,69.23459987999999,72.07250016500001,68.79169483445132,68.65287428244028,69.1693583045458,70.93116920149282,2.6499940000000066,89.90309838537696,83.78875869018367,85.1392294888477,79.39451174228348,0.11052666869095162,-0.19095543815242857,81.22903790091856,60.69965102505545,11365446.722535897,14237700.0,3.9629039645773707,1,1,1,0,1,1,1,0,1,0,1,1,1,1,1,1,1,1,64.415428,0.00949356450757377,1.0
2015-07-16,69.580002,70.330002,69.440002,70.18,64.415428,2100200,0.6716666666666666,0.5833333333333334,0.5161290322580645,0.42857142857142855,69.0109993,67.9396665,69.22179987999999,72.08100015,69.04411395546016,68.75139852228286,69.20899131221067,70.92369488107997,3.1100000000000136,95.27369258032269,89.629909838736,90.63805821960806,85.04579647932644,0.2210992201822819,-0.1085445064854865,114.47703406224375,67.62517549352235,12757704.699165164,16337900.0,4.636946473833329,1,1,1,0,1,1,1,0,1,0,1,1,1,1,1,1,1,1,63.92897,-0.007551886482846992,0.0
2015-07-17,69.910004,70.190002,69.510002,69.650002,63.92897,2048800,0.6716666666666666,0.5833333333333334,0.5483870967741935,0.5714285714285714,69.1859993,67.99866666666667,69.20059994,72.08380018,69.15427541810377,68.8093729402001,69.22628584898672,70.9110213200742,1.75,92.62128610197885,92.59935902255948,90.36478996437104,88.71402589094227,0.262931444624968,-0.034249316263395606,91.0881622369701,67.24459913364299,11552528.228576923,14289100.0,2.577319511713711,1,1,1,0,1,1,1,0,1,0,0,1,1,1,0,0,0,0,63.598545,-0.005168626993364622,0.0
2015-07-20,69.559998,69.629997,68.900002,69.290001,63.598545,1237800,0.6716666666666666,0.5833333333333334,0.6451612903225806,0.0,69.3299996,68.07033340000001,69.16779996,72.083950175,69.17895279663034,68.84038120212269,69.2287844823598,70.89489176465058,1.4400030000000044,82.14461908195337,90.01319925475161,83.63954028056851,88.21412948818254,0.2639915812154072,0.02539886323236496,46.35234989068723,61.933680742632724,11637314.718073433,13051300.0,2.1223331502530103,0,1,1,0,1,1,1,0,1,0,0,0,1,1,0,1,0,0,63.121246,-0.0075048729495306166,0.0
2015-07-22,68.699997,69.389999,68.650002,68.730003,63.084541,2236600,0.6716666666666666,0.5833333333333334,0.7096774193548387,0.2857142857142857,69.2039994,68.195,69.06179990000001,72.07465017,69.03648916138063,68.82901207386595,69.19193831378158,70.85241773183652,-0.6999970000000104,42.658916257842286,62.876004272786325,59.45466522786693,71.30520581670393,0.18042432472967107,0.08759324476239173,-13.070491130380644,63.05460771366828,9345546.779245744,8390300.0,-1.0082053867204528,0,1,0,0,0,0,0,0,0,0,0,0,1,1,0,0,0,0,62.625603,-0.007274967729415716,0.0
2015-07-24,68.209999,68.769997,67.980003,68.589996,62.956039,2364000,0.6716666666666666,0.5833333333333334,0.7741935483870968,0.5714285714285714,69.1249992,68.28500013333334,68.95839992,72.057450155,68.83533543861016,68.77743920928333,69.13208911087642,70.80407203248579,-0.370002999999997,11.679282901720322,24.907806566274743,38.865775785655266,48.04890618163184,0.07735377662710619,0.08868491709149398,-126.18242770092816,64.7151665367578,10921392.246244542,8358800.0,-0.5365472815624562,0,1,0,0,0,0,0,0,0,1,0,0,0,1,1,1,1,1,63.460861,0.008018642977205115,1.0
2015-07-27,68.599998,69.510002,68.599998,69.139999,63.460861,2191200,0.6716666666666666,0.5833333333333334,0.8709677419354839,0.0,69.12999950000001,68.363,68.90919994,72.042550135,68.89072881340832,68.80083016352313,69.13239930260676,70.78751409186404,0.050003000000003794,21.428576291980075,17.831026577654008,41.75749224713034,42.14984852138631,0.09695117312038803,0.09033816829727279,-0.8605071758587299,63.74663423336733,11330730.686075557,10550000.0,0.07237371963374234,1,1,1,0,1,1,1,0,1,1,1,0,1,1,0,1,1,1,64.369545,0.014318809825161427,1.0
2015-07-28,69.080002,70.139999,68.839996,70.129997,64.369545,2792200,0.6716666666666666,0.5833333333333334,0.9032258064516129,0.14285714285714285,69.2229995,68.46399996666666,68.86799984,72.04105012,69.11605030187953,68.88658286265068,69.17152078093591,70.78097163323854,0.9300000000000068,49.65407733243318,27.587312175377832,62.060436363636654,47.561234798807426,0.1901746014485184,0.1103054549275219,108.57564550070022,63.17751411376082,14079965.270764977,13342200.0,1.3439306941010516,1,1,1,0,1,1,1,0,1,1,1,1,1,1,0,1,1,1,64.846832,0.007414795304208077,1.0
2015-07-29,70.040001,70.720001,69.489998,70.650002,64.846832,2542300,0.6716666666666666,0.5833333333333334,0.9354838709677419,0.2857142857142857,69.336,68.57333326666667,68.83579983999999,72.041200115,69.3949506106287,69.00035183925388,69.22950043658548,70.77966845280831,1.130004999999997,76.68015657336454,49.25427006592591,82.40832877319126,62.07541912798609,0.30252754841272633,0.1487498736245628,164.12219128404382,72.80210594972253,16332902.6306739,15884500.0,1.6254387928123717,1,1,1,0,1,1,1,0,1,0,1,1,1,1,1,1,1,1,65.213982,0.005661803185697645,1.0
2015-07-30,70.440002,71.18,70.080002,71.050003,65.213982,1569900,0.6716666666666666,0.5833333333333334,0.967741935483871,0.42857142857142855,69.4230003,68.67500003333333,68.81299986,72.04650014,69.69586922687802,69.1325873980117,69.30089269397429,70.78235834880027,0.870002999999997,94.89216770711978,73.74213387097247,95.62893096643474,80.03256536775422,0.41901466585292724,0.2028028320702357,174.49129581900277,72.58241023169558,17531743.246384125,17454400.0,1.2396736962097419,1,1,1,0,1,1,1,1,1,0,1,1,1,1,0,1,1,0,65.810593,0.009148513581029194,1.0
2015-08-03,71.919998,72.230003,71.269997,71.720001,65.828949,1749300,0.6716666666666666,0.6666666666666666,0.0967741935483871,0.0,69.8709998,68.89233326666665,68.8031999,72.09105012,70.36202789567866,69.454470228645,69.48615269751338,70.80072800620874,2.4299999999999926,100.00000000000001,98.29738923570658,91.727168500812,93.99870202954092,0.660986818470576,0.3511681008216958,156.3546373576795,66.64277490237029,16539661.805382086,21394200.0,3.5069995164237224,1,1,1,0,1,1,1,1,1,0,0,1,1,0,0,0,1,1,64.479691,-0.02049642323774592,0.0
2015-08-04,71.400002,71.580002,69.919998,70.25,64.479691,3071300,0.6716666666666666,0.6666666666666666,0.12903225806451613,0.14285714285714285,70.0190001,68.95866653333333,68.76879988,72.102400105,70.34165918737345,69.50579473002274,69.51610749368932,70.79524812554996,1.4800029999999964,80.59991577302992,93.53330525767662,78.73727825535404,88.36815112584736,0.6173815781422292,0.4044107962858025,57.27947117631176,58.222966587469465,14689485.540746564,18322900.0,2.1521056631716826,1,1,1,0,0,1,1,0,1,0,0,0,1,1,0,0,0,0,65.314949,0.01295381517879779,1.0
2015-08-06,71.300003,71.349998,70.190002,71.330002,65.470963,2158800,0.6716666666666666,0.6666666666666666,0.1935483870967742,0.42857142857142855,70.5720001,69.2013334,68.77179992,72.123850115,70.64309512543181,69.72332333397412,69.64917904204077,70.80416235776106,3.099998999999997,57.78013926649644,68.97807930683565,71.68457239758304,74.96737140185621,0.6795389027394805,0.49853471456969684,62.819079056046114,58.33531581787737,17528228.9280356,22835300.0,4.543454292388052,1,1,1,0,1,1,1,1,1,0,0,0,1,1,0,1,1,1,66.39801,0.01415966647687772,1.0
2015-08-11,72.220001,73.110001,71.949997,72.68,66.710098,1902700,0.6716666666666666,0.6666666666666666,0.3548387096774194,0.14285714285714285,71.52300029999999,69.7269999,68.87939984,72.16000009,71.47389579447015,70.22034381082526,69.96720398574496,70.85303513072562,2.550003000000004,90.6831811916664,81.84920471663605,92.06695096736208,87.81653683897916,0.9142495742708263,0.6725845321755735,114.08891612623273,69.63014400005359,18940700.990011964,28207700.0,3.6361088108987136,1,1,1,1,1,1,1,1,1,0,1,1,1,0,0,1,1,0,68.371399,0.024903291252847515,1.0
2015-08-12,72.559998,74.529999,72.440002,74.489998,68.371399,3378500,0.6716666666666666,0.6666666666666666,0.3870967741935484,0.2857142857142857,71.90699989999999,69.98099973333333,68.97739988000001,72.178850075,72.0222780136574,70.49580537141719,70.14456845689222,70.88922381599203,3.8399959999999993,94.55173680495938,88.92922769156466,94.56612472576187,91.61344577258818,1.1029773799997855,0.7586631017404158,163.47399372000274,78.0313352729088,22189876.99720237,31586200.0,5.435238345782353,1,1,1,1,1,1,1,1,1,0,1,1,1,1,1,1,1,1,68.775276,0.0059071045189524884,1.0
2015-08-13,74.110001,75.0,73.57,74.93,68.775276,3018100,0.6716666666666666,0.6666666666666666,0.41935483870967744,0.42857142857142855,72.29499960000001,70.24299973333333,69.10739988,72.20170007,72.55095473844696,70.78188244422898,70.33223243897487,70.9294305441911,3.879997000000003,98.35637249911395,94.53043016524656,96.83991988473922,94.4909985259544,1.2733713773088056,0.8616047568540939,169.72405414099788,78.62871004740572,24912498.67552408,34604300.0,5.460938544928707,1,1,1,1,1,1,1,1,1,0,1,1,1,1,1,1,1,1,69.179131,0.005872095664145149,1.0
2015-08-14,74.519997,75.43,74.18,75.370003,69.179131,1730100,0.6716666666666666,0.6666666666666666,0.45161290322580644,0.5714285714285714,72.6620002,70.49199976666667,69.2572,72.22500009000001,73.06350896782024,71.07789022202067,70.52979206881899,70.97361534474642,3.6700060000000008,100.0,97.63603643469109,99.12837444839683,96.84480635296597,1.4274595475388594,0.974775714991047,164.86976412215154,78.42744421797109,26476517.380004052,36334400.0,5.1185580942214,1,1,1,1,1,1,1,1,1,0,1,1,1,0,0,1,1,0,69.959312,0.011277692979404508,1.0
2015-08-19,75.709999,76.519997,75.540001,76.139999,69.88588,2018100,0.6716666666666666,0.6666666666666666,0.6129032258064516,0.2857142857142857,74.1939993,71.21999963333333,69.8081999,72.302000055,74.45727811084969,71.99730110412078,71.16528353885374,71.12659399601105,4.979995000000002,96.62500291843436,98.27989843631747,94.85920138886742,96.4753923283731,1.77396432460678,1.3316161972685383,108.79264378303215,72.04466626123529,28521734.41092497,39439800.0,6.998306239555583,1,1,1,1,1,1,1,1,1,0,0,0,1,0,0,1,1,0,69.500381,-0.0055161214253866,0.0
2015-08-21,75.410004,75.82,74.93,75.400002,69.206665,6976200,0.6716666666666666,0.6666666666666666,0.6774193548387096,0.5714285714285714,74.9389998,71.67033303333332,70.14820006,72.33570008,74.81652552875062,72.44150927218062,71.50296273694266,71.21436622950011,3.0600060000000013,78.35668549837759,87.95097373959315,87.78601720293682,91.46549756799762,1.727266519437137,1.481435762638146,59.795724537885846,52.357016950854884,26907716.797802933,28123400.0,4.230033410563088,1,1,1,1,1,1,1,1,1,0,0,0,1,1,0,1,0,0,66.416367,-0.040318342171234645,0.0
2015-08-24,73.75,75.0,72.029999,72.360001,66.416367,6395900,0.6716666666666666,0.6666666666666666,0.7741935483870968,0.0,74.94000009999999,71.77933319999998,70.25940001999999,72.326600085,74.3698847053414,72.43625067397544,71.53657208059197,71.22576558045037,0.010002999999997542,46.61304163712799,71.2803199791577,67.87859634596937,82.47196255369828,1.4289108635541083,1.4709307828213385,-31.66209892597401,48.17924711724229,21933136.044362083,21727500.0,0.013825846961319254,0,1,1,1,0,0,1,1,1,0,0,0,0,1,0,0,0,0,64.461327,-0.029436117756937774,0.0
2015-08-25,73.519997,73.730003,70.110001,70.230003,64.461327,5231300,0.6716666666666666,0.6666666666666666,0.8064516129032258,0.14285714285714285,74.6950004,71.81366673333333,70.32200012,72.31235009,73.61717894073388,72.29391211436412,71.4853340774315,71.21585749507277,-2.4499970000000104,21.03347842026147,48.66773518525566,39.51036013076598,65.05832455989074,1.0089581774513903,1.378536261747349,-106.12636559755474,40.228751914727376,17048668.152521137,16496200.0,-3.37093698403964,0,0,0,0,0,0,0,0,0,1,0,0,0,1,0,0,0,0,65.422935,0.0149175954755012,1.0
2015-08-26,70.379997,70.800003,68.830002,70.620003,65.422935,3872900,0.6716666666666666,0.6666666666666666,0.8387096774193549,0.2857142857142857,74.3080009,71.85033360000001,70.38700012,72.29600011000001,73.07223786060044,72.18591797795352,71.45139952537536,71.20992859462429,-3.869995000000003,1.8219622717466961,23.156160776378698,19.813038759462092,42.40066507873249,0.6995484299070966,1.2427386953792985,-150.1271590981754,38.85767687596585,20213830.440712873,20369100.0,-5.1953216591575195,0,0,1,0,0,0,0,0,0,1,0,0,0,1,0,1,1,0,65.969521,0.008354654220267044,1.0
2015-08-28,71.169998,71.330002,70.120003,71.029999,65.802765,2427200,0.6716666666666666,0.6666666666666666,0.9032258064516129,0.5714285714285714,73.5020004,71.9306668,70.49480012,72.265850075,72.42389443560856,72.05244214303738,71.42577856994474,71.20813894397953,-4.340003999999993,10.201963991366885,6.121821807858428,27.362542634268394,21.901750833817385,0.3169147705159361,0.9381319642071704,-100.88977546436695,36.75649779777664,24188919.143266443,21256200.0,-5.758264332296754,0,0,1,0,0,0,0,0,0,1,1,0,0,1,0,1,0,0,64.616959,-0.01802061053209536,0.0
2015-08-31,70.889999,70.889999,69.309998,69.75,64.616959,3333600,0.6716666666666666,0.6666666666666666,1.0,0.0,72.8550003,71.9460001,70.52880006000001,72.25105008,71.93773181095246,71.90389748864787,71.36006176328024,71.19363009876582,-6.470000999999996,8.380001719620198,8.307834957149595,23.625413456075748,23.17254239935527,0.07070860131599943,0.7646472916289363,-111.57556271899392,32.10501515104419,22712015.0152311,17922600.0,-8.488586873673745,0,0,0,0,0,0,0,0,0,1,0,1,0,1,0,0,0,0,62.810463,-0.027956995004979945,0.0
2015-09-03,68.339996,68.629997,67.800003,68.089996,63.079124,3032000,0.6716666666666666,0.75,0.0967741935483871,0.42857142857142855,70.4580002,71.88766650000001,70.53899992000001,72.191000025,70.16213765303104,71.1959499854531,70.97973991899164,71.09907473068927,-7.630004999999997,2.46330692494734,2.518461739442022,6.9624870770174025,10.077586124413834,-0.7136583399736196,0.1289732505836083,-94.20616579352875,21.558477229724772,20874091.39293188,17726600.0,-10.076604462802367,0,0,0,0,0,0,0,0,0,1,0,0,0,1,1,0,1,1,62.282417,-0.012630280027351004,0.0
2015-09-04,67.690002,68.0,66.900002,67.230003,62.282417,2843000,0.6716666666666666,0.75,0.12903225806451613,0.5714285714285714,69.6410003,71.84233339999999,70.54279996,72.166150055,69.62902226157085,70.94008243800451,70.83269141236451,71.06057650451325,-8.169999000000004,2.46330692494734,2.0527557707894286,6.4742871260907995,7.22719991554538,-0.9212515718914034,-0.08107171391139403,-102.48168119365022,15.754017533262946,19736899.663492348,14883600.0,-10.835542152903397,0,0,0,0,0,0,0,0,0,1,0,0,0,1,1,0,0,0,63.662762,0.022162675542922505,1.0
2015-09-08,67.940002,68.760002,67.889999,68.720001,63.662762,3519000,0.6716666666666666,0.75,0.25806451612903225,0.14285714285714285,69.2770003,71.82833346666666,70.57180004,72.147450065,69.46374566855796,70.7968513774881,70.74984080795807,71.03728719601064,-3.6400000000000006,7.635044145564315,4.187219331819642,10.065491444375327,7.834088549161181,-0.9545370091843495,-0.25576477296598515,-69.81139896590967,18.080646654394666,22932306.482779145,18402600.0,-5.030403468347107,0,0,0,0,0,0,0,0,0,1,1,1,0,1,1,1,1,1,63.069862,-0.009313136618232187,0.0
2015-09-09,69.029999,69.309998,67.959999,68.080002,63.069862,2770900,0.6716666666666666,0.75,0.2903225806451613,0.2857142857142857,69.0620002,71.7600003,70.58760006,72.124500085,69.21215591063833,70.62157077248887,70.64514124686167,71.00786147266726,-2.150001000000003,11.691659318572954,7.263336796361512,11.4551154520838,9.331631340849981,-1.0207914798932336,-0.40877011435143484,-62.54566645539128,17.909132102240523,20654023.607236262,15631700.0,-3.061371078113158,0,0,0,0,0,0,0,0,0,1,1,1,0,1,1,0,0,1,62.319477,-0.011897679433641395,0.0
2015-09-10,67.989998,68.269997,67.110001,67.269997,62.319477,2461700,0.6716666666666666,0.75,0.3225806451612903,0.42857142857142855,68.7269996,71.64733346666667,70.59559994,72.09460007,68.85903610870409,70.40534020652184,70.51278264894553,70.97066879134718,-3.3500059999999934,15.113144803527442,11.479949422554881,11.702562703730559,11.0743898667299,-1.1256830853786397,-0.5521527085568758,-83.94066389991801,18.709956047724482,18871398.62680532,13170000.0,-4.743706963592162,0,0,0,0,0,0,0,0,0,1,1,1,0,1,1,0,0,0,62.773422,0.007284159332723528,1.0
2015-09-15,68.190002,68.330002,67.639999,68.080002,63.069862,1866500,0.6716666666666666,0.75,0.4838709677419355,0.14285714285714285,67.9230003,71.29666693333334,70.61820004,72.0233001,68.47220009710388,69.96743014007122,70.22719655993392,70.88241047262733,-1.6699980000000068,58.16588964957079,39.94807734966588,18.323265730063195,12.710408455779751,-1.1143619803407603,-0.8357057834248356,-43.70389189210886,30.834961884745418,22116303.855538033,15730400.0,-2.3942623655914077,1,0,0,0,0,0,0,0,0,1,1,1,0,1,1,1,0,1,63.690559,0.009841419979641053,1.0
2015-09-16,68.25,68.980003,68.059998,68.75,63.690559,2114900,0.6716666666666666,0.75,0.5161290322580645,0.2857142857142857,68.018,71.24666693333333,70.6066,72.00430008500001,68.52270917035771,69.88888626006663,70.16926728307376,70.86119245797433,0.9499969999999962,77.05414239677526,58.216023048182855,28.704395939641017,19.28490447661567,-1.0292545567844513,-0.8744155380967588,1.7331936488941697,37.96185788496518,23173745.809766565,17845300.0,1.4011754542252692,1,0,0,0,1,0,0,0,1,0,1,1,0,1,1,1,1,1,64.348305,0.0103272134885799,1.0
2015-09-17,68.68,70.279999,68.589996,69.459999,64.348305,1914300,0.6716666666666666,0.75,0.5483870967741935,0.42857142857142855,68.1550003,71.19000009999999,70.60719997999999,71.990200085,68.69312550301994,69.86121611425588,70.1414528406003,70.84725023451189,1.370002999999997,87.921475297648,74.380502447998,42.06166290443939,29.69644152471454,-0.8942074579094452,-0.8783739220592961,91.41199675016502,35.40785909698921,23230385.202063475,19759600.0,2.0120474085502913,1,0,0,0,1,0,0,0,1,0,1,1,0,1,0,1,1,1,63.922153,-0.006622583143409799,0.0
2015-09-24,68.849998,69.559998,68.760002,69.419998,64.311241,2148100,0.6716666666666666,0.75,0.7741935483870968,0.42857142857142855,68.8200005,70.61833366666666,70.61960018,71.90710011,69.0381797842039,69.67880511117154,69.97330318066872,70.76737466492139,2.150001000000003,94.92599930836377,93.38700487373127,69.23078136854349,66.79471882763504,-0.5063669691287629,-0.7063065487203549,75.66390852650247,40.21838950117416,22881706.69456414,19747100.0,3.1960771456552957,1,0,0,0,1,0,0,0,1,0,1,1,1,1,0,1,1,1,64.904144,0.009219274745452477,1.0
2015-09-25,69.480003,70.690002,69.260002,70.059998,64.904144,2409800,0.6716666666666666,0.75,0.8064516129032258,0.5714285714285714,69.0500001,70.45600026666666,70.61720014,71.89485009,69.22396491434864,69.70339820077338,69.97670297750525,70.76033609114108,2.299995999999993,98.34466055982257,95.77713557898035,75.43502378553221,70.97013735909887,-0.3891547971275884,-0.6428761984018017,133.557344788753,47.90096002948049,23168172.933445223,22156900.0,3.394326936413008,1,0,0,0,1,1,1,0,1,0,1,1,1,1,1,1,1,1,64.320511,-0.00899223014173034,0.0
2015-09-29,69.459999,69.730003,68.970001,69.290001,64.190819,2524900,0.6716666666666666,0.75,0.9354838709677419,0.14285714285714285,69.3029999,70.02700016666667,70.6128001,71.86220009499999,69.26662132282843,69.66022679380897,69.92917491387547,70.73260042937746,1.2099990000000105,82.65193567224958,91.05626025039987,70.59870997422782,73.55411119297925,-0.3143520183253372,-0.5292141045694944,44.91979910193573,38.42334676096452,20346040.278367534,16767900.0,1.7773192779871108,0,0,0,0,1,0,0,0,1,0,0,1,1,1,1,0,0,0,65.200607,0.015731034682701317,1.0
2015-09-30,69.510002,70.470001,69.379997,70.379997,65.200607,2741000,0.6716666666666666,0.75,0.967741935483871,0.2857142857142857,69.4659996,69.83666686666666,70.6450001,71.85050007499999,69.46905326413234,69.70666358130518,69.94685421137055,70.72909193754286,1.629997000000003,82.65193567224958,85.82535195454221,73.45839489494601,72.89523489611717,-0.20126111028733362,-0.4636235057130622,116.3533615620809,46.39425526240932,22634379.620241538,19508900.0,2.3709047272727317,1,1,0,0,1,1,1,0,1,0,1,0,1,1,1,1,1,1,64.070381,-0.0173345932193546,0.0
2015-10-02,69.510002,69.760002,68.459999,69.349998,64.246399,3864800,0.6716666666666666,0.8333333333333334,0.06451612903225806,0.5714285714285714,69.47099990000001,69.39166693333333,70.67600002,71.824200065,69.40143258177453,69.65065991662608,69.89380128777421,70.6999121459032,0.34999799999999937,68.31029966900603,74.74701111175544,65.86351566847127,69.1063649080281,-0.19519483643291835,-0.368987599346024,-18.561511000492054,36.69716271971846,21869041.14688804,20198600.0,0.5072434782608687,0,0,0,0,0,0,0,0,1,0,0,0,1,1,0,1,1,1,65.14502,0.013987102997010004,1.0
2015-10-05,69.589996,70.339996,69.239998,70.32,65.14502,2881900,0.6716666666666666,0.8333333333333334,0.16129032258064516,0.0,69.57099989999999,69.22233353333333,70.71060010000001,71.80595006,69.5684448396337,69.69384314781149,69.91051496276346,70.69613192554596,1.0,66.15170495379009,69.24693420560227,63.94439020430483,65.9350300111477,-0.10580563302985979,-0.31635120608279116,114.54521340636545,43.534254236845,24646165.55202329,23080500.0,1.442585112521639,1,1,0,0,1,1,1,0,1,0,0,0,1,1,1,1,1,1,64.644753,-0.007679282315056546,0.0
2015-10-07,69.870003,70.019997,69.43,69.779999,64.644753,1744700,0.6716666666666666,0.8333333333333334,0.22580645161290322,0.2857142857142857,69.69699940000001,69.12133333333333,70.71640013999999,71.75010003,69.63838009925891,69.70460142279862,69.90047913325456,70.67799112852518,0.5599980000000073,67.2957640785205,67.17576884736003,68.10566508263601,66.37110016281622,-0.054692725262526665,-0.22582613254686998,44.7202886651564,32.48942982851397,24394585.536411814,20690600.0,0.8090118345996663,1,1,0,0,1,1,0,0,1,0,1,1,1,1,0,1,1,0,65.50631,0.013327562718044694,1.0
2015-10-09,70.800003,71.150002,70.459999,71.019997,65.793503,2543800,0.6716666666666666,0.8333333333333334,0.2903225806451613,0.5714285714285714,69.9219994,69.1179998,70.71699996,71.69169999,70.04899755404935,69.85014521599754,69.9748827354649,70.68170948928804,0.9599990000000105,84.72717939686824,73.82576742304171,82.96592851123911,74.01535622604024,0.1350945335942697,-0.11141393699361231,193.5255252065015,46.42299488690445,27555550.542937487,25169500.0,1.37025267971034,1,1,1,0,1,1,1,1,1,0,1,1,1,1,1,1,1,0,66.701385,0.01379896127433744,1.0
2015-10-14,71.919998,72.349998,71.709999,72.089996,66.78476,1851800,0.6716666666666666,0.8333333333333334,0.45161290322580644,0.2857142857142857,70.6109994,69.36499966666666,70.76339996,71.582199985,70.93290657017427,70.23974917192993,70.2036724045255,70.7205815599562,1.7099989999999963,98.31459563494631,98.87639708996419,95.29071508538898,95.67669954642987,0.49156591936048244,0.1414663902327961,155.21767054575724,52.336626385785834,30166313.083254457,27185100.0,2.429666201889716,1,1,1,1,1,1,1,1,1,0,0,1,1,0,0,1,1,0,67.44252,0.009848953563657226,1.0
2015-10-21,73.919998,74.349998,73.519997,73.919998,68.48008,2358200,0.6716666666666666,0.8333333333333334,0.6774193548387096,0.2857142857142857,72.4639999,70.25533323333333,70.90460005999999,71.48979996,72.55470249516128,71.14184006541193,70.78427800839474,70.85075118294566,4.139999000000003,100.00000000000001,99.99999999999999,96.40263216344437,96.4195287179951,1.0191180645246192,0.6332607522822739,119.32456269505624,69.14572851602627,35326127.726351626,37997700.0,5.932930724174993,1,1,1,1,1,1,1,1,1,0,0,1,1,1,1,0,1,1,69.008133,0.007711045314199305,1.0
2015-10-22,74.029999,74.879997,73.769997,74.489998,69.008133,2089900,0.6716666666666666,0.8333333333333334,0.7096774193548387,0.42857142857142855,72.8419998,70.49599993333332,70.90460005999999,71.479899945,72.90657440513195,71.3578502547402,70.9296003610067,70.88696259406063,3.7799990000000037,100.00000000000001,99.99999999999999,94.69764645925538,95.93436032619654,1.1183093249965452,0.7302704668251282,125.6101056466307,80.02842134235067,35947453.11355885,40087600.0,5.345777193406556,1,1,1,1,1,1,1,1,1,0,0,0,1,1,0,1,1,0,67.701904,-0.018928623963787028,0.0
2015-10-26,73.269997,73.400002,72.230003,72.839996,67.479561,2048400,0.6716666666666666,0.8333333333333334,0.8387096774193549,0.0,73.1319999,70.83099976666668,70.81699996,71.44014992,72.92026838690651,71.55741095966339,71.08554027480858,70.92799992266022,0.8399959999999993,58.285584528353354,79.61324212806663,74.20881396700095,84.38628269066199,1.0022302015059807,0.8391472504783192,26.336079569285488,72.67640683891094,34086884.099907525,35884500.0,1.16666111111111,0,1,1,1,0,1,1,1,1,0,0,0,1,1,1,1,0,0,67.034889,-0.0065897287031846385,0.0
2015-10-27,72.690002,73.169998,72.169998,72.360001,67.034889,2262900,0.6716666666666666,0.8333333333333334,0.8709677419354839,0.14285714285714285,73.1779998,70.9736664,70.73979996,71.419449925,72.81840158928715,71.60919096226576,71.13551912677687,70.94224868959893,0.45999899999999627,24.95225119502003,54.597325859739954,61.07260685149058,73.17793615474038,0.8987952531408183,0.8510768510108191,-1.3649292133905968,71.21930781382198,32683899.67730748,33621600.0,0.6397760600896732,0,1,1,1,0,1,1,1,1,1,0,0,1,1,0,0,0,0,66.256691,-0.011608850430109618,0.0
2015-10-28,72.470001,72.739998,70.739998,71.519997,66.256691,2160600,0.6716666666666666,0.8333333333333334,0.9032258064516129,0.2857142857142857,73.12099989999999,71.06599963333333,70.64839998000001,71.3948499,72.58232802759856,71.60343651308732,71.15059669043268,70.94799742900591,-0.5699989999999957,11.06477600584016,31.43420390973782,46.742378660841005,60.67459982644419,0.7405049288873045,0.8289624665861162,-84.48424707454616,64.23589033026377,32208565.516707487,31461000.0,-0.7906769754849143,0,1,1,1,0,0,1,1,0,1,0,0,0,1,0,0,0,0,65.663795,-0.008948469823221505,0.0
2015-10-29,71.239998,71.330002,70.0,70.879997,65.663795,2861100,0.6716666666666666,0.8333333333333334,0.9354838709677419,0.42857142857142855,72.9289993,71.1133329,70.54319994000001,71.3669999,72.27281329530791,71.55676299611395,71.13998493786669,70.94732080782177,-1.9200060000000008,0.0,12.00567573362004,31.89703469719329,46.570673403174965,0.5569953594136194,0.7745690451516168,-159.16120978048573,55.24079120707562,33133564.209341094,28599900.0,-2.6373707704380185,0,0,1,0,0,0,0,0,0,1,0,0,0,1,0,1,0,0,66.173325,0.007759679439788947,1.0
2015-10-30,71.07,71.68,70.690002,71.43,66.173325,2937600,0.6716666666666666,0.8333333333333334,0.967741935483871,0.5714285714285714,72.7579994,71.1943329,70.45739992,71.33829991,72.11957451434283,71.54858473830015,71.15135807755819,70.9521235858534,-1.7099989999999963,4.478444809221726,5.181073605020605,23.772633084508104,34.13734881418081,0.45074741342240543,0.7098047188057746,-108.93282793596055,56.78856951028483,34587524.84845354,31537500.0,-2.3379806171449307,0,1,1,1,0,0,1,1,0,1,0,0,0,1,1,1,1,1,65.524849,-0.009799658699332414,0.0
2015-11-05,70.379997,70.919998,70.18,70.239998,65.070892,1595400,0.6716666666666666,0.9166666666666666,0.16129032258064516,0.42857142857142855,71.4359993,71.36799953333333,70.33019974,71.178949895,71.2373762486581,71.31451654842465,71.06308185481163,70.93676703877075,-4.25,0.0,1.4928149364072183,10.38249955208296,14.571960233217737,-0.027564696352769147,0.35395130250054974,-92.88570583595096,29.940684909825112,30426878.001256395,21803700.0,-5.705463973834447,0,0,0,0,0,0,0,0,0,1,0,0,0,1,0,0,0,0,62.856796,-0.03402590516201931,0.0
2015-11-10,67.800003,68.32,67.629997,67.800003,62.810463,2067000,0.6716666666666666,0.9166666666666666,0.3225806451612903,0.14285714285714285,69.94599980000001,71.1879997,70.15799986,71.01084992,69.67835332928004,70.6758279982387,70.69322039134822,70.8438589154874,-4.559997999999993,0.4821351074434979,0.16071170248114228,5.569311328706426,5.740685704341296,-0.6901155587700458,-0.08007692292398239,-139.13912701354568,21.16845915332567,27243761.23661047,18528600.0,-6.301821361224129,0,0,0,0,0,0,0,0,0,1,1,0,0,1,0,0,1,1,63.282936,0.007522202152848267,1.0
2015-11-11,67.879997,68.410004,67.790001,68.309998,63.282936,1529400,0.6716666666666666,0.9166666666666666,0.3548387096774194,0.2857142857142857,69.6249999,71.11899973333334,70.16819976000001,70.96314991999999,69.42956145122912,70.52319380480395,70.59976068972672,70.81864636906465,-3.2099990000000105,6.1920771304894755,2.2247374126443007,9.151268806339838,6.535896667370065,-0.7692892922473931,-0.21791939678866457,-109.76373918161758,19.440549569705656,28279779.18394294,20058000.0,-4.488253823612451,0,0,0,0,0,0,0,0,0,1,1,1,0,1,1,1,1,1,62.912376,-0.0058556069522437415,0.0
2015-11-13,67.949997,68.589996,67.910004,68.199997,63.181023,2739100,0.6716666666666666,0.9166666666666666,0.41935483870967744,0.5714285714285714,69.00500029999999,71.0389997,70.16679994,70.863549935,68.97995440950048,70.21559421003136,70.40430815149321,70.76393641858691,-3.2300030000000106,17.782123537162295,11.376574457717927,13.549240649307599,11.105682259296435,-0.888321097881061,-0.45384647653685095,-70.90210106044621,26.966375785034437,26875781.23504659,20416500.0,-4.52191376172478,0,0,0,0,0,0,0,0,0,1,1,1,0,1,1,0,1,0,64.163017,0.015542546691591053,1.0
2015-11-16,68.059998,69.290001,68.019997,69.260002,64.163017,2454700,0.6716666666666666,0.9166666666666666,0.5161290322580645,0.0,68.85800019999999,71.00366643333334,70.20739992,70.82124994,69.03087215322766,70.15394309970675,70.35943340045426,70.74897189700894,-1.4700009999999963,37.88346433619713,21.94037019295381,20.861204112525517,15.008994028024995,-0.8201671373175259,-0.527110608692986,-34.24801329433931,34.0093485864796,29214515.387222476,22871200.0,-2.078327354234661,1,0,0,0,1,0,0,0,0,1,1,1,0,1,1,1,1,1,63.273674,-0.01386067927572665,0.0
2015-11-20,69.059998,69.620003,68.660004,69.0,63.922153,2918200,0.6716666666666666,0.9166666666666666,0.6451612903225806,0.5714285714285714,68.38100130000001,70.78066683333333,70.2628,70.64119997,68.85405927992122,69.80655561948642,70.10845563745589,70.66678900835734,1.1500020000000006,83.50133976793838,70.86280748658656,34.28317780088319,30.293048114700568,-0.7145460797885477,-0.6731899192903377,18.167022421032563,41.85124349594587,28294428.63766933,27634400.0,1.6949182518767365,1,0,0,0,1,0,0,0,1,0,1,1,0,1,1,0,1,1,63.200188,-0.011294441224468876,0.0
2015-12-01,67.870003,68.040001,66.760002,67.410004,63.041214,2284800,0.6716666666666666,1.0,0.03225806451612903,0.14285714285714285,67.9030022,69.75166726666666,70.09700028,70.434249975,67.83049393687747,69.01283062651311,69.53084680692284,70.47678640310885,-1.8499979999999994,41.25213003372139,42.11246811124283,17.804498239180973,15.819523855928841,-0.8683664202350769,-0.8096630681047196,-86.05375045503541,51.0828651550231,25370058.149355106,25302400.0,-2.6710914619956254,0,0,0,0,0,0,0,0,0,0,1,1,0,1,0,1,1,0,61.853512,-0.018840087692473584,0.0
2015-12-02,67.279999,67.360001,66.050003,66.139999,61.853512,2609200,0.6716666666666666,1.0,0.06451612903225806,0.2857142857142857,67.68700179999999,69.5000005,70.03820022,70.39159998,67.52313122108157,68.82748665060903,69.39787238312194,70.43363428964508,-2.1600040000000007,25.87685117081099,36.4655442401492,13.029972512236661,15.283519883368031,-0.9503267437491871,-0.837795803233613,-154.14596516209124,44.25584920786378,23119358.793172855,22693200.0,-3.162524019215637,0,0,0,0,0,0,0,0,0,0,0,0,0,1,0,0,0,0,60.946381,-0.014665796179851531,0.0
2015-12-03,65.959999,66.029999,65.040001,65.169998,60.946381,2918600,0.6716666666666666,1.0,0.0967741935483871,0.42857142857142855,67.35600129999999,69.20833383333334,69.95720016,70.348499965,67.09528881724856,68.59151964089233,69.23207338770538,70.38125979920086,-3.3100049999999896,11.294086209682982,26.141022471405094,8.36929431813389,13.067921689850516,-1.0810897351776276,-0.886454589622416,-199.15445887445787,43.63951045527447,20967243.66324336,19774600.0,-4.833535127035537,0,0,0,0,0,0,0,0,0,1,0,0,0,1,0,0,0,0,62.283703,0.02194259901994844,1.0
2015-12-04,65.540001,66.690002,65.440002,66.599998,62.283703,2827400,0.6716666666666666,1.0,0.12903225806451613,0.5714285714285714,67.1340011,68.94533383333332,69.90080016,70.311549965,67.00523594138518,68.46303437373798,69.12885474505028,70.34363530368643,-2.220001999999994,22.993660634795706,20.05486600509653,12.16678852088206,11.188685117084214,-1.057145187320387,-0.9205927091620102,-109.26388820121969,43.65033414802242,23387479.967883326,22602000.0,-3.225809357744833,0,0,0,0,0,0,0,0,0,1,1,0,0,1,1,1,1,1,61.853512,-0.0069069592731183516,0.0
2015-12-09,65.650002,66.720001,65.400002,66.190002,61.900276,2855200,0.6716666666666666,1.0,0.2903225806451613,0.2857142857142857,66.5520011,68.27733403333333,69.69000028,70.19939999500001,66.58877394084882,68.03114345591273,68.78412901142411,70.21762986175408,-1.2900009999999895,57.526684796152665,52.89015561474616,22.124009515594874,21.743477528671605,-1.0478023904257583,-0.9887927989914316,-73.44805397032039,50.81849004421758,23729998.303469554,19619400.0,-1.911678931016037,0,0,0,0,0,0,0,0,0,0,0,1,0,1,1,1,1,1,60.974434,-0.014956993083520276,0.0
2015-12-11,64.919998,65.440002,64.540001,64.889999,60.684528,2105200,0.6716666666666666,1.0,0.3548387096774194,0.5714285714285714,66.10200030000001,67.86700076666666,69.50100018,70.12965001,66.07331085296491,67.65761853321811,68.49637576333306,70.11518869729272,-2.480003999999994,49.50282586717057,52.80575105317507,12.407729619661453,16.79927221062486,-1.143176246892864,-1.0365676120582272,-132.7152738593071,37.131060235420435,21516956.158316858,15555300.0,-3.6811694961628456,0,0,0,0,0,0,0,0,0,0,0,0,0,1,0,0,0,0,61.161476,0.007859466254726444,1.0
2015-12-14,64.809998,65.440002,64.550003,65.400002,61.161476,2633100,0.6716666666666666,1.0,0.45161290322580644,0.0,65.9050002,67.66600083333334,69.42200026,70.10505002,65.95089106151674,67.51196585365565,68.37494934124157,70.06827141672265,-1.9700009999999963,55.117378931572155,52.0026490983149,12.228488275603752,13.500765130627817,-1.1276748492942517,-1.0547890595054321,-105.30957346964536,44.5134793782281,23913372.74631303,18188400.0,-2.9241515693564635,0,0,0,0,0,0,0,0,0,1,0,0,0,1,1,1,1,1,61.862869,0.01146788870824511,1.0
2015-12-15,65.599998,66.690002,65.419998,66.150002,61.862869,2284400,0.6716666666666666,1.0,0.4838709677419355,0.14285714285714285,65.779,67.51333413333333,69.3386003,70.080950025,65.98709305033188,67.42409721793594,68.28769650433014,70.02928366133239,-1.260002,75.55368205367951,60.05796228414072,26.39737749277005,17.011198462678426,-1.042849824403092,-1.052401212484964,-16.341704154582978,51.081427069708376,24255139.494764194,20472800.0,-1.8691617345105038,1,0,0,0,1,0,0,0,0,0,1,1,1,1,1,1,1,1,63.190845,0.021466447021718293,1.0
2015-12-17,67.5,67.959999,67.099998,67.540001,63.162781,2785500,0.6716666666666666,1.0,0.5483870967741935,0.42857142857142855,66.1590004,67.30766753333334,69.24960036,70.047550025,66.50491371137919,67.44038066834976,68.23133387500835,69.98028768284013,2.370002999999997,99.75233496178625,89.66447775845621,72.7619047619046,50.51341471981214,-0.6937946461155065,-0.9484926571099145,123.14993914593016,59.976482975376754,27242949.077527255,20902600.0,3.636647341925646,1,1,0,0,1,1,0,0,1,0,1,1,1,1,1,1,0,1,62.564262,-0.009475817728798241,0.0
2015-12-18,67.220001,67.449997,66.529999,66.900002,62.564262,4921400,0.6716666666666666,1.0,0.5806451612903226,0.5714285714285714,66.1890008,67.19633433333334,69.17340042,70.034150025,66.57674794567387,67.40551752845623,68.17912478187077,69.94963807405566,0.30000400000000127,94.27809843543292,95.90594988570736,79.90476190476176,68.34920952380936,-0.6135946746776284,-0.8815130606234572,76.0823758441233,49.72910916334424,26280107.17047963,15981200.0,0.45045646998367966,1,0,0,0,1,0,0,0,1,0,1,1,1,1,0,0,0,0,62.246288,-0.005082358359793315,0.0
2015-12-21,67.379997,67.440002,66.18,66.559998,62.246288,2448800,0.6716666666666666,1.0,0.6774193548387096,0.0,66.23100070000001,67.15333433333333,69.08420044,70.01910001499999,66.5737025010059,67.35096788145906,68.11562961395427,69.91591031212475,0.41999899999999,86.1649313076954,93.39845490163816,70.73572000695951,74.46746222454196,-0.5708902335262565,-0.8193884952040171,61.71280221220856,49.550088631304064,25308351.02025127,13532400.0,0.6350151290446648,1,0,0,0,0,0,0,0,1,0,0,1,1,1,0,0,0,1,62.788704,0.00871402966229895,1.0
2015-12-22,66.870003,67.230003,66.160004,67.139999,62.788704,1935800,0.6716666666666666,1.0,0.7096774193548387,0.14285714285714285,66.3540002,67.13366753333334,68.98700042,70.0085,66.676665500823,67.33735698588106,68.07736958987763,69.88828930404391,1.2299950000000024,83.43064894581096,87.95789289631307,67.50541736601399,72.7152997592451,-0.4846585803902741,-0.7524425122412686,69.3558821057542,55.44502454303996,26918487.64449113,15468200.0,1.8661734567638661,1,1,0,0,1,0,0,0,1,0,0,0,1,1,1,1,1,1,63.667789,0.014000687129965161,1.0
2015-12-28,67.660004,68.0,67.419998,67.860001,63.462048,1807900,0.6716666666666666,1.0,0.9032258064516129,0.0,67.0970004,67.12333403333334,68.7254004,69.989400005,67.22526605717503,67.43911716359483,68.05735949741438,69.82960290012663,2.970001999999994,94.70971979758372,92.52955602965953,93.42595005145357,86.41976360913117,-0.1570221253379458,-0.4983742296414931,92.25763489024473,53.82521463368216,29606268.537524324,18872400.0,4.576979574310047,1,1,0,0,1,1,0,0,1,0,1,1,1,1,0,1,1,1,64.19149,0.011494145288220015,1.0
2015-12-30,68.540001,68.919998,68.349998,68.68,64.228897,1634900,0.6716666666666666,1.0,0.967741935483871,0.2857142857142857,67.6739999,67.11866736666667,68.54160034,69.976149995,67.70021927794362,67.59165190071099,68.10372935612915,69.8064449902209,2.529998000000006,97.75370957825487,95.72438305780742,93.8103316982922,93.1490457162872,0.07864321094389481,-0.3075260018690123,121.27894957753546,59.81769708661264,30844661.460948206,22467800.0,3.824637828431216,1,1,1,0,1,1,1,0,1,0,1,1,1,0,0,1,1,0,63.256313,-0.01514246772757133,0.0
